"Year","Month","Day","Hour","Generacion_MWh"
"2016",5,4,1,0
"2016",5,4,2,0
"2016",5,4,3,0
"2016",5,4,4,0
"2016",5,4,5,0
"2016",5,4,6,0
"2016",5,4,7,0
"2016",5,4,8,0
"2016",5,4,9,0
"2016",5,4,10,0
"2016",5,4,11,0
"2016",5,4,12,0
"2016",5,4,13,0
"2016",5,4,14,0
"2016",5,4,15,0
"2016",5,4,16,0
"2016",5,4,17,0
"2016",5,4,18,0.1
"2016",5,4,19,0
"2016",5,4,20,0
"2016",5,4,21,0
"2016",5,4,22,0
"2016",5,4,23,0
"2016",5,4,24,0
"2016",5,5,1,0
"2016",5,5,2,0
"2016",5,5,3,0
"2016",5,5,4,0
"2016",5,5,5,0
"2016",5,5,6,0
"2016",5,5,7,0
"2016",5,5,8,0
"2016",5,5,9,0
"2016",5,5,10,0
"2016",5,5,11,0
"2016",5,5,12,0.3
"2016",5,5,13,0.5
"2016",5,5,14,0.7
"2016",5,5,15,0.7
"2016",5,5,16,0.7
"2016",5,5,17,0.5
"2016",5,5,18,0.2
"2016",5,5,19,0
"2016",5,5,20,0
"2016",5,5,21,0
"2016",5,5,22,0
"2016",5,5,23,0
"2016",5,5,24,0
"2016",5,6,1,0
"2016",5,6,2,0
"2016",5,6,3,0
"2016",5,6,4,0
"2016",5,6,5,0
"2016",5,6,6,0
"2016",5,6,7,0
"2016",5,6,8,0
"2016",5,6,9,0
"2016",5,6,10,0
"2016",5,6,11,0
"2016",5,6,12,0
"2016",5,6,13,0
"2016",5,6,14,0.4
"2016",5,6,15,0.8
"2016",5,6,16,0.4
"2016",5,6,17,0.4
"2016",5,6,18,0.3
"2016",5,6,19,0
"2016",5,6,20,0
"2016",5,6,21,0
"2016",5,6,22,0
"2016",5,6,23,0
"2016",5,6,24,0
"2016",5,7,1,0
"2016",5,7,2,0
"2016",5,7,3,0
"2016",5,7,4,0
"2016",5,7,5,0
"2016",5,7,6,0
"2016",5,7,7,0
"2016",5,7,8,0
"2016",5,7,9,0
"2016",5,7,10,0
"2016",5,7,11,0
"2016",5,7,12,0.3
"2016",5,7,13,0.8
"2016",5,7,14,0.9
"2016",5,7,15,0.8
"2016",5,7,16,0.4
"2016",5,7,17,0.3
"2016",5,7,18,0.2
"2016",5,7,19,0
"2016",5,7,20,0
"2016",5,7,21,0
"2016",5,7,22,0
"2016",5,7,23,0
"2016",5,7,24,0
"2016",5,8,1,0
"2016",5,8,2,0
"2016",5,8,3,0
"2016",5,8,4,0
"2016",5,8,5,0
"2016",5,8,6,0
"2016",5,8,7,0
"2016",5,8,8,0
"2016",5,8,9,0
"2016",5,8,10,0.2
"2016",5,8,11,0.5
"2016",5,8,12,0.6
"2016",5,8,13,0.5
"2016",5,8,14,0.5
"2016",5,8,15,0.7
"2016",5,8,16,0.6
"2016",5,8,17,0.4
"2016",5,8,18,0.2
"2016",5,8,19,0
"2016",5,8,20,0
"2016",5,8,21,0
"2016",5,8,22,0
"2016",5,8,23,0
"2016",5,8,24,0
"2016",5,9,1,0
"2016",5,9,2,0
"2016",5,9,3,0
"2016",5,9,4,0
"2016",5,9,5,0
"2016",5,9,6,0
"2016",5,9,7,0
"2016",5,9,8,0
"2016",5,9,9,0
"2016",5,9,10,0.3
"2016",5,9,11,0.6
"2016",5,9,12,0.8
"2016",5,9,13,0.8
"2016",5,9,14,0.7
"2016",5,9,15,0.8
"2016",5,9,16,0.7
"2016",5,9,17,0.4
"2016",5,9,18,0.2
"2016",5,9,19,0.1
"2016",5,9,20,0
"2016",5,9,21,0
"2016",5,9,22,0
"2016",5,9,23,0
"2016",5,9,24,0
"2016",5,10,1,0
"2016",5,10,2,0
"2016",5,10,3,0
"2016",5,10,4,0
"2016",5,10,5,0
"2016",5,10,6,0
"2016",5,10,7,0
"2016",5,10,8,0
"2016",5,10,9,0
"2016",5,10,10,0.1
"2016",5,10,11,0.9
"2016",5,10,12,1.4
"2016",5,10,13,1.6
"2016",5,10,14,1.6
"2016",5,10,15,1.7
"2016",5,10,16,1.6
"2016",5,10,17,0.5
"2016",5,10,18,0.1
"2016",5,10,19,0.1
"2016",5,10,20,0
"2016",5,10,21,0
"2016",5,10,22,0
"2016",5,10,23,0
"2016",5,10,24,0
"2016",5,11,1,0
"2016",5,11,2,0
"2016",5,11,3,0
"2016",5,11,4,0
"2016",5,11,5,0
"2016",5,11,6,0
"2016",5,11,7,0
"2016",5,11,8,0
"2016",5,11,9,0.1
"2016",5,11,10,1
"2016",5,11,11,1.9
"2016",5,11,12,2.1
"2016",5,11,13,2.1
"2016",5,11,14,2.1
"2016",5,11,15,1.9
"2016",5,11,16,1.6
"2016",5,11,17,0.7
"2016",5,11,18,0.8
"2016",5,11,19,0.1
"2016",5,11,20,0
"2016",5,11,21,0
"2016",5,11,22,0
"2016",5,11,23,0
"2016",5,11,24,0
"2016",5,12,1,0
"2016",5,12,2,0
"2016",5,12,3,0
"2016",5,12,4,0
"2016",5,12,5,0
"2016",5,12,6,0
"2016",5,12,7,0
"2016",5,12,8,0
"2016",5,12,9,0
"2016",5,12,10,0.1
"2016",5,12,11,0.2
"2016",5,12,12,0.3
"2016",5,12,13,0.3
"2016",5,12,14,3.1
"2016",5,12,15,4.3
"2016",5,12,16,3.7
"2016",5,12,17,2.8
"2016",5,12,18,1.6
"2016",5,12,19,0.3
"2016",5,12,20,0
"2016",5,12,21,0
"2016",5,12,22,0
"2016",5,12,23,0
"2016",5,12,24,0
"2016",5,13,1,0
"2016",5,13,2,0
"2016",5,13,3,0
"2016",5,13,4,0
"2016",5,13,5,0
"2016",5,13,6,0
"2016",5,13,7,0
"2016",5,13,8,0
"2016",5,13,9,0.1
"2016",5,13,10,1.1
"2016",5,13,11,2.5
"2016",5,13,12,3.5
"2016",5,13,13,4.2
"2016",5,13,14,4.6
"2016",5,13,15,4.4
"2016",5,13,16,4.1
"2016",5,13,17,3.5
"2016",5,13,18,2
"2016",5,13,19,0.4
"2016",5,13,20,0
"2016",5,13,21,0
"2016",5,13,22,0
"2016",5,13,23,0
"2016",5,13,24,0
"2016",5,14,1,0
"2016",5,14,2,0
"2016",5,14,3,0
"2016",5,14,4,0
"2016",5,14,5,0
"2016",5,14,6,0
"2016",5,14,7,0
"2016",5,14,8,0
"2016",5,14,9,0
"2016",5,14,10,1.1
"2016",5,14,11,2.7
"2016",5,14,12,3.9
"2016",5,14,13,4.8
"2016",5,14,14,5.3
"2016",5,14,15,5.3
"2016",5,14,16,4.6
"2016",5,14,17,3.4
"2016",5,14,18,2
"2016",5,14,19,0.4
"2016",5,14,20,0
"2016",5,14,21,0
"2016",5,14,22,0
"2016",5,14,23,0
"2016",5,14,24,0
"2016",5,14,25,0
"2016",5,15,1,0
"2016",5,15,2,0
"2016",5,15,3,0
"2016",5,15,4,0
"2016",5,15,5,0
"2016",5,15,6,0
"2016",5,15,7,0
"2016",5,15,8,0
"2016",5,15,9,0
"2016",5,15,10,0
"2016",5,15,11,0
"2016",5,15,12,0
"2016",5,15,13,0
"2016",5,15,14,0
"2016",5,15,15,0
"2016",5,15,16,0
"2016",5,15,17,0
"2016",5,15,18,0
"2016",5,15,19,0
"2016",5,15,20,0
"2016",5,15,21,0
"2016",5,15,22,0
"2016",5,15,23,0
"2016",5,15,24,0
"2016",5,16,1,0
"2016",5,16,2,0
"2016",5,16,3,0
"2016",5,16,4,0
"2016",5,16,5,0
"2016",5,16,6,0
"2016",5,16,7,0
"2016",5,16,8,0
"2016",5,16,9,1
"2016",5,16,10,2.4
"2016",5,16,11,3.7
"2016",5,16,12,4.7
"2016",5,16,13,5
"2016",5,16,14,4.6
"2016",5,16,15,3.9
"2016",5,16,16,2.9
"2016",5,16,17,1.8
"2016",5,16,18,0.3
"2016",5,16,19,0
"2016",5,16,20,0
"2016",5,16,21,0
"2016",5,16,22,0
"2016",5,16,23,0
"2016",5,16,24,0
"2016",5,17,1,0
"2016",5,17,2,0
"2016",5,17,3,0
"2016",5,17,4,0
"2016",5,17,5,0
"2016",5,17,6,0
"2016",5,17,7,0
"2016",5,17,8,0
"2016",5,17,9,1.3
"2016",5,17,10,3.9
"2016",5,17,11,5.1
"2016",5,17,12,5.6
"2016",5,17,13,5.9
"2016",5,17,14,5.6
"2016",5,17,15,5
"2016",5,17,16,4.7
"2016",5,17,17,3.4
"2016",5,17,18,0.6
"2016",5,17,19,0
"2016",5,17,20,0
"2016",5,17,21,0
"2016",5,17,22,0
"2016",5,17,23,0
"2016",5,17,24,0
"2016",5,18,1,0
"2016",5,18,2,0
"2016",5,18,3,0
"2016",5,18,4,0
"2016",5,18,5,0
"2016",5,18,6,0
"2016",5,18,7,0
"2016",5,18,8,0
"2016",5,18,9,1.3
"2016",5,18,10,4.8
"2016",5,18,11,5.4
"2016",5,18,12,5.7
"2016",5,18,13,6.1
"2016",5,18,14,6.1
"2016",5,18,15,6
"2016",5,18,16,5.9
"2016",5,18,17,4.3
"2016",5,18,18,0.6
"2016",5,18,19,0
"2016",5,18,20,0
"2016",5,18,21,0
"2016",5,18,22,0
"2016",5,18,23,0
"2016",5,18,24,0
"2016",5,19,1,0
"2016",5,19,2,0
"2016",5,19,3,0
"2016",5,19,4,0
"2016",5,19,5,0
"2016",5,19,6,0
"2016",5,19,7,0
"2016",5,19,8,0.1
"2016",5,19,9,1.5
"2016",5,19,10,4.5
"2016",5,19,11,5.6
"2016",5,19,12,5.9
"2016",5,19,13,6.3
"2016",5,19,14,6.1
"2016",5,19,15,6.1
"2016",5,19,16,6.4
"2016",5,19,17,2.4
"2016",5,19,18,0.8
"2016",5,19,19,0
"2016",5,19,20,0
"2016",5,19,21,0
"2016",5,19,22,0
"2016",5,19,23,0
"2016",5,19,24,0
"2016",5,20,1,0
"2016",5,20,2,0
"2016",5,20,3,0
"2016",5,20,4,0
"2016",5,20,5,0
"2016",5,20,6,0
"2016",5,20,7,0
"2016",5,20,8,0.2
"2016",5,20,9,1.9
"2016",5,20,10,7
"2016",5,20,11,8.5
"2016",5,20,12,8.2
"2016",5,20,13,8.8
"2016",5,20,14,9.3
"2016",5,20,15,8.2
"2016",5,20,16,7.2
"2016",5,20,17,4.2
"2016",5,20,18,1.7
"2016",5,20,19,0
"2016",5,20,20,0
"2016",5,20,21,0
"2016",5,20,22,0
"2016",5,20,23,0
"2016",5,20,24,0
"2016",5,21,1,0
"2016",5,21,2,0
"2016",5,21,3,0
"2016",5,21,4,0
"2016",5,21,5,0
"2016",5,21,6,0
"2016",5,21,7,0
"2016",5,21,8,0.2
"2016",5,21,9,3
"2016",5,21,10,10.2
"2016",5,21,11,12.3
"2016",5,21,12,14.2
"2016",5,21,13,15.1
"2016",5,21,14,15
"2016",5,21,15,14.4
"2016",5,21,16,13.8
"2016",5,21,17,9.8
"2016",5,21,18,1.9
"2016",5,21,19,0
"2016",5,21,20,0
"2016",5,21,21,0
"2016",5,21,22,0
"2016",5,21,23,0
"2016",5,21,24,0
"2016",5,22,1,0
"2016",5,22,2,0
"2016",5,22,3,0
"2016",5,22,4,0
"2016",5,22,5,0
"2016",5,22,6,0
"2016",5,22,7,0
"2016",5,22,8,0.3
"2016",5,22,9,4.6
"2016",5,22,10,14.8
"2016",5,22,11,18.2
"2016",5,22,12,20.4
"2016",5,22,13,22.5
"2016",5,22,14,22.9
"2016",5,22,15,20.8
"2016",5,22,16,17.1
"2016",5,22,17,10.9
"2016",5,22,18,1.5
"2016",5,22,19,0
"2016",5,22,20,0
"2016",5,22,21,0
"2016",5,22,22,0
"2016",5,22,23,0
"2016",5,22,24,0
"2016",5,23,1,0
"2016",5,23,2,0
"2016",5,23,3,0
"2016",5,23,4,0
"2016",5,23,5,0
"2016",5,23,6,0
"2016",5,23,7,0
"2016",5,23,8,0.8
"2016",5,23,9,6.1
"2016",5,23,10,16
"2016",5,23,11,19.3
"2016",5,23,12,24
"2016",5,23,13,24.2
"2016",5,23,14,21.6
"2016",5,23,15,18.5
"2016",5,23,16,16.9
"2016",5,23,17,11.7
"2016",5,23,18,2.2
"2016",5,23,19,0
"2016",5,23,20,0
"2016",5,23,21,0
"2016",5,23,22,0
"2016",5,23,23,0
"2016",5,23,24,0
"2016",5,24,1,0
"2016",5,24,2,0
"2016",5,24,3,0
"2016",5,24,4,0
"2016",5,24,5,0
"2016",5,24,6,0
"2016",5,24,7,0
"2016",5,24,8,0.8
"2016",5,24,9,6.6
"2016",5,24,10,16.7
"2016",5,24,11,18.3
"2016",5,24,12,17.5
"2016",5,24,13,21.3
"2016",5,24,14,22.3
"2016",5,24,15,20.3
"2016",5,24,16,18
"2016",5,24,17,12
"2016",5,24,18,2
"2016",5,24,19,0
"2016",5,24,20,0
"2016",5,24,21,0
"2016",5,24,22,0
"2016",5,24,23,0
"2016",5,24,24,0
"2016",5,25,1,0
"2016",5,25,2,0
"2016",5,25,3,0
"2016",5,25,4,0
"2016",5,25,5,0
"2016",5,25,6,0
"2016",5,25,7,0
"2016",5,25,8,0.47
"2016",5,25,9,5.42
"2016",5,25,10,13.57
"2016",5,25,11,15.78
"2016",5,25,12,16.2
"2016",5,25,13,18.72
"2016",5,25,14,16.6
"2016",5,25,15,14.39
"2016",5,25,16,10.76
"2016",5,25,17,6.88
"2016",5,25,18,1.28
"2016",5,25,19,0
"2016",5,25,20,0
"2016",5,25,21,0
"2016",5,25,22,0
"2016",5,25,23,0
"2016",5,25,24,0
"2016",5,26,1,0
"2016",5,26,2,0
"2016",5,26,3,0
"2016",5,26,4,0
"2016",5,26,5,0
"2016",5,26,6,0
"2016",5,26,7,0
"2016",5,26,8,0.3
"2016",5,26,9,4.6
"2016",5,26,10,16.5
"2016",5,26,11,21.4
"2016",5,26,12,24
"2016",5,26,13,24.5
"2016",5,26,14,24
"2016",5,26,15,22.1
"2016",5,26,16,16.1
"2016",5,26,17,8.1
"2016",5,26,18,2.7
"2016",5,26,19,0
"2016",5,26,20,0
"2016",5,26,21,0
"2016",5,26,22,0
"2016",5,26,23,0
"2016",5,26,24,0
"2016",5,27,1,0
"2016",5,27,2,0
"2016",5,27,3,0
"2016",5,27,4,0
"2016",5,27,5,0
"2016",5,27,6,0
"2016",5,27,7,0
"2016",5,27,8,0.28
"2016",5,27,9,4.23
"2016",5,27,10,7.81
"2016",5,27,11,13.1
"2016",5,27,12,15.19
"2016",5,27,13,16.18
"2016",5,27,14,16.09
"2016",5,27,15,12.04
"2016",5,27,16,13.31
"2016",5,27,17,17.12
"2016",5,27,18,4.23
"2016",5,27,19,0
"2016",5,27,20,0
"2016",5,27,21,0
"2016",5,27,22,0
"2016",5,27,23,0
"2016",5,27,24,0
"2016",5,28,1,0
"2016",5,28,2,0
"2016",5,28,3,0
"2016",5,28,4,0
"2016",5,28,5,0
"2016",5,28,6,0
"2016",5,28,7,0
"2016",5,28,8,0.4
"2016",5,28,9,6.9
"2016",5,28,10,14.9
"2016",5,28,11,22.1
"2016",5,28,12,25.2
"2016",5,28,13,27.4
"2016",5,28,14,27.6
"2016",5,28,15,27.5
"2016",5,28,16,25.2
"2016",5,28,17,16.4
"2016",5,28,18,1.3
"2016",5,28,19,0
"2016",5,28,20,0
"2016",5,28,21,0
"2016",5,28,22,0
"2016",5,28,23,0
"2016",5,28,24,0
"2016",5,29,1,0
"2016",5,29,2,0
"2016",5,29,3,0
"2016",5,29,4,0
"2016",5,29,5,0
"2016",5,29,6,0
"2016",5,29,7,0
"2016",5,29,8,0.2
"2016",5,29,9,3.4
"2016",5,29,10,7.7
"2016",5,29,11,10.7
"2016",5,29,12,17.6
"2016",5,29,13,26.6
"2016",5,29,14,21.9
"2016",5,29,15,19
"2016",5,29,16,8.3
"2016",5,29,17,4.9
"2016",5,29,18,2.7
"2016",5,29,19,0
"2016",5,29,20,0
"2016",5,29,21,0
"2016",5,29,22,0
"2016",5,29,23,0
"2016",5,29,24,0
"2016",5,30,1,0
"2016",5,30,2,0
"2016",5,30,3,0
"2016",5,30,4,0
"2016",5,30,5,0
"2016",5,30,6,0
"2016",5,30,7,0
"2016",5,30,8,0.4
"2016",5,30,9,5.2
"2016",5,30,10,6.8
"2016",5,30,11,17.4
"2016",5,30,12,15.6
"2016",5,30,13,8.2
"2016",5,30,14,3.7
"2016",5,30,15,8.6
"2016",5,30,16,5.1
"2016",5,30,17,3.9
"2016",5,30,18,2.7
"2016",5,30,19,0
"2016",5,30,20,0
"2016",5,30,21,0
"2016",5,30,22,0
"2016",5,30,23,0
"2016",5,30,24,0
"2016",5,31,1,0
"2016",5,31,2,0
"2016",5,31,3,0
"2016",5,31,4,0
"2016",5,31,5,0
"2016",5,31,6,0
"2016",5,31,7,0
"2016",5,31,8,0.3
"2016",5,31,9,4.9
"2016",5,31,10,12.5
"2016",5,31,11,20.1
"2016",5,31,12,24.6
"2016",5,31,13,24.5
"2016",5,31,14,27.4
"2016",5,31,15,29.3
"2016",5,31,16,29.7
"2016",5,31,17,20.9
"2016",5,31,18,3.6
"2016",5,31,19,0
"2016",5,31,20,0
"2016",5,31,21,0
"2016",5,31,22,0
"2016",5,31,23,0
"2016",5,31,24,0
"2016",6,1,1,0
"2016",6,1,2,0
"2016",6,1,3,0
"2016",6,1,4,0
"2016",6,1,5,0
"2016",6,1,6,0
"2016",6,1,7,0
"2016",6,1,8,0.01
"2016",6,1,9,3.4
"2016",6,1,10,26.3
"2016",6,1,11,30.1
"2016",6,1,12,30.5
"2016",6,1,13,21.1
"2016",6,1,14,23.9
"2016",6,1,15,17.1
"2016",6,1,16,8.6
"2016",6,1,17,3.4
"2016",6,1,18,0.7
"2016",6,1,19,0
"2016",6,1,20,0
"2016",6,1,21,0
"2016",6,1,22,0
"2016",6,1,23,0
"2016",6,1,24,0
"2016",6,2,1,0
"2016",6,2,2,0
"2016",6,2,3,0
"2016",6,2,4,0
"2016",6,2,5,0
"2016",6,2,6,0
"2016",6,2,7,0
"2016",6,2,8,0.1
"2016",6,2,9,2
"2016",6,2,10,6.4
"2016",6,2,11,10.4
"2016",6,2,12,9.1
"2016",6,2,13,12.4
"2016",6,2,14,14.7
"2016",6,2,15,14.4
"2016",6,2,16,16.7
"2016",6,2,17,18.9
"2016",6,2,18,3
"2016",6,2,19,0
"2016",6,2,20,0
"2016",6,2,21,0
"2016",6,2,22,0
"2016",6,2,23,0
"2016",6,2,24,0
"2016",6,3,1,0
"2016",6,3,2,0
"2016",6,3,3,0
"2016",6,3,4,0
"2016",6,3,5,0
"2016",6,3,6,0
"2016",6,3,7,0
"2016",6,3,8,0.6
"2016",6,3,9,6.4
"2016",6,3,10,20.2
"2016",6,3,11,23.5
"2016",6,3,12,24.9
"2016",6,3,13,27.5
"2016",6,3,14,27.7
"2016",6,3,15,24
"2016",6,3,16,16.5
"2016",6,3,17,10.1
"2016",6,3,18,2.9
"2016",6,3,19,0
"2016",6,3,20,0
"2016",6,3,21,0
"2016",6,3,22,0
"2016",6,3,23,0
"2016",6,3,24,0
"2016",6,4,1,0
"2016",6,4,2,0
"2016",6,4,3,0
"2016",6,4,4,0
"2016",6,4,5,0
"2016",6,4,6,0
"2016",6,4,7,0
"2016",6,4,8,0.2
"2016",6,4,9,5.3
"2016",6,4,10,15
"2016",6,4,11,22.7
"2016",6,4,12,26.9
"2016",6,4,13,30.4
"2016",6,4,14,31
"2016",6,4,15,25.5
"2016",6,4,16,19.3
"2016",6,4,17,11.5
"2016",6,4,18,2.4
"2016",6,4,19,0
"2016",6,4,20,0
"2016",6,4,21,0
"2016",6,4,22,0
"2016",6,4,23,0
"2016",6,4,24,0
"2016",6,5,1,0
"2016",6,5,2,0
"2016",6,5,3,0
"2016",6,5,4,0
"2016",6,5,5,0
"2016",6,5,6,0
"2016",6,5,7,0
"2016",6,5,8,0.5
"2016",6,5,9,6
"2016",6,5,10,16.1
"2016",6,5,11,24.3
"2016",6,5,12,29.6
"2016",6,5,13,32.4
"2016",6,5,14,31.9
"2016",6,5,15,28.3
"2016",6,5,16,21.4
"2016",6,5,17,11.8
"2016",6,5,18,2.2
"2016",6,5,19,0
"2016",6,5,20,0
"2016",6,5,21,0
"2016",6,5,22,0
"2016",6,5,23,0
"2016",6,5,24,0
"2016",6,6,1,0
"2016",6,6,2,0
"2016",6,6,3,0
"2016",6,6,4,0
"2016",6,6,5,0
"2016",6,6,6,0
"2016",6,6,7,0
"2016",6,6,8,0.5
"2016",6,6,9,6.3
"2016",6,6,10,23.5
"2016",6,6,11,24.7
"2016",6,6,12,27.3
"2016",6,6,13,25.5
"2016",6,6,14,25.3
"2016",6,6,15,23.2
"2016",6,6,16,23.9
"2016",6,6,17,13.2
"2016",6,6,18,1.7
"2016",6,6,19,0
"2016",6,6,20,0
"2016",6,6,21,0
"2016",6,6,22,0
"2016",6,6,23,0
"2016",6,6,24,0
"2016",6,7,1,0
"2016",6,7,2,0
"2016",6,7,3,0
"2016",6,7,4,0
"2016",6,7,5,0
"2016",6,7,6,0
"2016",6,7,7,0
"2016",6,7,8,0.3
"2016",6,7,9,8
"2016",6,7,10,29.2
"2016",6,7,11,31.6
"2016",6,7,12,31.4
"2016",6,7,13,31.6
"2016",6,7,14,31.5
"2016",6,7,15,32.6
"2016",6,7,16,32.6
"2016",6,7,17,22.4
"2016",6,7,18,3.7
"2016",6,7,19,0
"2016",6,7,20,0
"2016",6,7,21,0
"2016",6,7,22,0
"2016",6,7,23,0
"2016",6,7,24,0
"2016",6,8,1,0
"2016",6,8,2,0
"2016",6,8,3,0
"2016",6,8,4,0
"2016",6,8,5,0
"2016",6,8,6,0
"2016",6,8,7,0
"2016",6,8,8,0.3
"2016",6,8,9,7.6
"2016",6,8,10,28.6
"2016",6,8,11,31.4
"2016",6,8,12,31.4
"2016",6,8,13,31.7
"2016",6,8,14,32
"2016",6,8,15,31.4
"2016",6,8,16,28.3
"2016",6,8,17,18.7
"2016",6,8,18,2.4
"2016",6,8,19,0
"2016",6,8,20,0
"2016",6,8,21,0
"2016",6,8,22,0
"2016",6,8,23,0
"2016",6,8,24,0
"2016",6,9,1,0
"2016",6,9,2,0
"2016",6,9,3,0
"2016",6,9,4,0
"2016",6,9,5,0
"2016",6,9,6,0
"2016",6,9,7,0
"2016",6,9,8,0.5
"2016",6,9,9,7.1
"2016",6,9,10,23.7
"2016",6,9,11,27.3
"2016",6,9,12,25.2
"2016",6,9,13,30
"2016",6,9,14,27.3
"2016",6,9,15,19.6
"2016",6,9,16,10.2
"2016",6,9,17,2.9
"2016",6,9,18,0.3
"2016",6,9,19,0
"2016",6,9,20,0
"2016",6,9,21,0
"2016",6,9,22,0
"2016",6,9,23,0
"2016",6,9,24,0
"2016",6,10,1,0
"2016",6,10,2,0
"2016",6,10,3,0
"2016",6,10,4,0
"2016",6,10,5,0
"2016",6,10,6,0
"2016",6,10,7,0
"2016",6,10,8,0.5
"2016",6,10,9,7.5
"2016",6,10,10,21.8
"2016",6,10,11,19.3
"2016",6,10,12,29.1
"2016",6,10,13,30
"2016",6,10,14,32.1
"2016",6,10,15,26.4
"2016",6,10,16,17.9
"2016",6,10,17,12.4
"2016",6,10,18,2.1
"2016",6,10,19,0
"2016",6,10,20,0
"2016",6,10,21,0
"2016",6,10,22,0
"2016",6,10,23,0
"2016",6,10,24,0
"2016",6,11,1,0
"2016",6,11,2,0
"2016",6,11,3,0
"2016",6,11,4,0
"2016",6,11,5,0
"2016",6,11,6,0
"2016",6,11,7,0
"2016",6,11,8,0.6
"2016",6,11,9,8.9
"2016",6,11,10,23.6
"2016",6,11,11,37.2
"2016",6,11,12,37.6
"2016",6,11,13,38.7
"2016",6,11,14,37.7
"2016",6,11,15,37.6
"2016",6,11,16,24
"2016",6,11,17,23.2
"2016",6,11,18,3.7
"2016",6,11,19,0
"2016",6,11,20,0
"2016",6,11,21,0
"2016",6,11,22,0
"2016",6,11,23,0
"2016",6,11,24,0
"2016",6,12,1,0
"2016",6,12,2,0
"2016",6,12,3,0
"2016",6,12,4,0
"2016",6,12,5,0
"2016",6,12,6,0
"2016",6,12,7,0
"2016",6,12,8,0.3
"2016",6,12,9,2.8
"2016",6,12,10,11.8
"2016",6,12,11,12.3
"2016",6,12,12,14.1
"2016",6,12,13,34.6
"2016",6,12,14,25.6
"2016",6,12,15,21.3
"2016",6,12,16,22.1
"2016",6,12,17,11.1
"2016",6,12,18,2
"2016",6,12,19,0
"2016",6,12,20,0
"2016",6,12,21,0
"2016",6,12,22,0
"2016",6,12,23,0
"2016",6,12,24,0
"2016",6,13,1,0
"2016",6,13,2,0
"2016",6,13,3,0
"2016",6,13,4,0
"2016",6,13,5,0
"2016",6,13,6,0
"2016",6,13,7,0
"2016",6,13,8,0.8
"2016",6,13,9,10.5
"2016",6,13,10,27.9
"2016",6,13,11,38.7
"2016",6,13,12,37.8
"2016",6,13,13,38.4
"2016",6,13,14,38.4
"2016",6,13,15,36.7
"2016",6,13,16,34.2
"2016",6,13,17,23.5
"2016",6,13,18,3.4
"2016",6,13,19,0
"2016",6,13,20,0
"2016",6,13,21,0
"2016",6,13,22,0
"2016",6,13,23,0
"2016",6,13,24,0
"2016",6,14,1,0
"2016",6,14,2,0
"2016",6,14,3,0
"2016",6,14,4,0
"2016",6,14,5,0
"2016",6,14,6,0
"2016",6,14,7,0
"2016",6,14,8,0.4
"2016",6,14,9,10.7
"2016",6,14,10,37.1
"2016",6,14,11,42
"2016",6,14,12,42
"2016",6,14,13,42.1
"2016",6,14,14,42.9
"2016",6,14,15,43.4
"2016",6,14,16,41.8
"2016",6,14,17,27.9
"2016",6,14,18,4.4
"2016",6,14,19,0
"2016",6,14,20,0
"2016",6,14,21,0
"2016",6,14,22,0
"2016",6,14,23,0
"2016",6,14,24,0
"2016",6,15,1,0
"2016",6,15,2,0
"2016",6,15,3,0
"2016",6,15,4,0
"2016",6,15,5,0
"2016",6,15,6,0
"2016",6,15,7,0
"2016",6,15,8,0.3
"2016",6,15,9,10.2
"2016",6,15,10,34
"2016",6,15,11,38.4
"2016",6,15,12,39.3
"2016",6,15,13,39.5
"2016",6,15,14,39.7
"2016",6,15,15,39.8
"2016",6,15,16,38.2
"2016",6,15,17,24.9
"2016",6,15,18,4
"2016",6,15,19,0
"2016",6,15,20,0
"2016",6,15,21,0
"2016",6,15,22,0
"2016",6,15,23,0
"2016",6,15,24,0
"2016",6,16,1,0
"2016",6,16,2,0
"2016",6,16,3,0
"2016",6,16,4,0
"2016",6,16,5,0
"2016",6,16,6,0
"2016",6,16,7,0
"2016",6,16,8,0.4
"2016",6,16,9,10.9
"2016",6,16,10,35.7
"2016",6,16,11,42.5
"2016",6,16,12,44.3
"2016",6,16,13,33.1
"2016",6,16,14,39.2
"2016",6,16,15,35.2
"2016",6,16,16,35.6
"2016",6,16,17,16
"2016",6,16,18,2.3
"2016",6,16,19,0
"2016",6,16,20,0
"2016",6,16,21,0
"2016",6,16,22,0
"2016",6,16,23,0
"2016",6,16,24,0
"2016",6,17,1,0
"2016",6,17,2,0
"2016",6,17,3,0
"2016",6,17,4,0
"2016",6,17,5,0
"2016",6,17,6,0
"2016",6,17,7,0
"2016",6,17,8,0.3
"2016",6,17,9,11.9
"2016",6,17,10,38.5
"2016",6,17,11,44.7
"2016",6,17,12,49.8
"2016",6,17,13,50.9
"2016",6,17,14,53.1
"2016",6,17,15,55.1
"2016",6,17,16,54.3
"2016",6,17,17,33.1
"2016",6,17,18,5
"2016",6,17,19,0
"2016",6,17,20,0
"2016",6,17,21,0
"2016",6,17,22,0
"2016",6,17,23,0
"2016",6,17,24,0
"2016",6,18,1,0
"2016",6,18,2,0
"2016",6,18,3,0
"2016",6,18,4,0
"2016",6,18,5,0
"2016",6,18,6,0
"2016",6,18,7,0
"2016",6,18,8,0
"2016",6,18,9,3.3
"2016",6,18,10,27.1
"2016",6,18,11,34.9
"2016",6,18,12,39.8
"2016",6,18,13,44.5
"2016",6,18,14,48.1
"2016",6,18,15,50.4
"2016",6,18,16,53.7
"2016",6,18,17,35.8
"2016",6,18,18,5.7
"2016",6,18,19,0
"2016",6,18,20,0
"2016",6,18,21,0
"2016",6,18,22,0
"2016",6,18,23,0
"2016",6,18,24,0
"2016",6,19,1,0
"2016",6,19,2,0
"2016",6,19,3,0
"2016",6,19,4,0
"2016",6,19,5,0
"2016",6,19,6,0
"2016",6,19,7,0
"2016",6,19,8,0.6
"2016",6,19,9,18.1
"2016",6,19,10,56
"2016",6,19,11,64.1
"2016",6,19,12,65.9
"2016",6,19,13,66.4
"2016",6,19,14,66.8
"2016",6,19,15,67.7
"2016",6,19,16,66
"2016",6,19,17,41.3
"2016",6,19,18,6.4
"2016",6,19,19,0
"2016",6,19,20,0
"2016",6,19,21,0
"2016",6,19,22,0
"2016",6,19,23,0
"2016",6,19,24,0
"2016",6,20,1,0
"2016",6,20,2,0
"2016",6,20,3,0
"2016",6,20,4,0
"2016",6,20,5,0
"2016",6,20,6,0
"2016",6,20,7,0
"2016",6,20,8,0.6
"2016",6,20,9,19.3
"2016",6,20,10,58.8
"2016",6,20,11,65.6
"2016",6,20,12,62.1
"2016",6,20,13,64.3
"2016",6,20,14,66.4
"2016",6,20,15,67
"2016",6,20,16,66.1
"2016",6,20,17,42
"2016",6,20,18,6.7
"2016",6,20,19,0
"2016",6,20,20,0
"2016",6,20,21,0
"2016",6,20,22,0
"2016",6,20,23,0
"2016",6,20,24,0
"2016",6,21,1,0
"2016",6,21,2,0
"2016",6,21,3,0
"2016",6,21,4,0
"2016",6,21,5,0
"2016",6,21,6,0
"2016",6,21,7,0
"2016",6,21,8,0.6
"2016",6,21,9,19.2
"2016",6,21,10,60.5
"2016",6,21,11,66.7
"2016",6,21,12,65.9
"2016",6,21,13,65.4
"2016",6,21,14,65.9
"2016",6,21,15,67.5
"2016",6,21,16,68
"2016",6,21,17,44.6
"2016",6,21,18,7.1
"2016",6,21,19,0
"2016",6,21,20,0
"2016",6,21,21,0
"2016",6,21,22,0
"2016",6,21,23,0
"2016",6,21,24,0
"2016",6,22,1,0
"2016",6,22,2,0
"2016",6,22,3,0
"2016",6,22,4,0
"2016",6,22,5,0
"2016",6,22,6,0
"2016",6,22,7,0
"2016",6,22,8,0.6
"2016",6,22,9,19.2
"2016",6,22,10,60.8
"2016",6,22,11,66.4
"2016",6,22,12,64.3
"2016",6,22,13,63.1
"2016",6,22,14,64.4
"2016",6,22,15,64.9
"2016",6,22,16,65.1
"2016",6,22,17,43
"2016",6,22,18,6.9
"2016",6,22,19,0
"2016",6,22,20,0
"2016",6,22,21,0
"2016",6,22,22,0
"2016",6,22,23,0
"2016",6,22,24,0
"2016",6,23,1,0
"2016",6,23,2,0
"2016",6,23,3,0
"2016",6,23,4,0
"2016",6,23,5,0
"2016",6,23,6,0
"2016",6,23,7,0
"2016",6,23,8,0.6
"2016",6,23,9,19.2
"2016",6,23,10,60.1
"2016",6,23,11,66.3
"2016",6,23,12,65.8
"2016",6,23,13,65.3
"2016",6,23,14,66.2
"2016",6,23,15,65.9
"2016",6,23,16,62.9
"2016",6,23,17,36.2
"2016",6,23,18,5.3
"2016",6,23,19,0
"2016",6,23,20,0
"2016",6,23,21,0
"2016",6,23,22,0
"2016",6,23,23,0
"2016",6,23,24,0
"2016",6,24,1,0
"2016",6,24,2,0
"2016",6,24,3,0
"2016",6,24,4,0
"2016",6,24,5,0
"2016",6,24,6,0
"2016",6,24,7,0
"2016",6,24,8,0.2
"2016",6,24,9,5.3
"2016",6,24,10,13.1
"2016",6,24,11,36.4
"2016",6,24,12,49.6
"2016",6,24,13,48.6
"2016",6,24,14,36.2
"2016",6,24,15,35.9
"2016",6,24,16,25.1
"2016",6,24,17,9.4
"2016",6,24,18,0.3
"2016",6,24,19,0
"2016",6,24,20,0
"2016",6,24,21,0
"2016",6,24,22,0
"2016",6,24,23,0
"2016",6,24,24,0
"2016",6,25,1,0
"2016",6,25,2,0
"2016",6,25,3,0
"2016",6,25,4,0
"2016",6,25,5,0
"2016",6,25,6,0
"2016",6,25,7,0
"2016",6,25,8,0.1
"2016",6,25,9,6.2
"2016",6,25,10,25.1
"2016",6,25,11,44.6
"2016",6,25,12,61.4
"2016",6,25,13,64.4
"2016",6,25,14,62.1
"2016",6,25,15,49.7
"2016",6,25,16,70.9
"2016",6,25,17,43.5
"2016",6,25,18,7.2
"2016",6,25,19,0
"2016",6,25,20,0
"2016",6,25,21,0
"2016",6,25,22,0
"2016",6,25,23,0
"2016",6,25,24,0
"2016",6,26,1,0
"2016",6,26,2,0
"2016",6,26,3,0
"2016",6,26,4,0
"2016",6,26,5,0
"2016",6,26,6,0
"2016",6,26,7,0
"2016",6,26,8,0.7
"2016",6,26,9,20.6
"2016",6,26,10,66.4
"2016",6,26,11,73.8
"2016",6,26,12,70.1
"2016",6,26,13,69.2
"2016",6,26,14,68.3
"2016",6,26,15,69.8
"2016",6,26,16,71.1
"2016",6,26,17,47.1
"2016",6,26,18,7.9
"2016",6,26,19,0
"2016",6,26,20,0
"2016",6,26,21,0
"2016",6,26,22,0
"2016",6,26,23,0
"2016",6,26,24,0
"2016",6,27,1,0
"2016",6,27,2,0
"2016",6,27,3,0
"2016",6,27,4,0
"2016",6,27,5,0
"2016",6,27,6,0
"2016",6,27,7,0
"2016",6,27,8,0.7
"2016",6,27,9,20.3
"2016",6,27,10,65.9
"2016",6,27,11,73.6
"2016",6,27,12,69.3
"2016",6,27,13,66.2
"2016",6,27,14,65.8
"2016",6,27,15,71
"2016",6,27,16,68.6
"2016",6,27,17,47.7
"2016",6,27,18,8.7
"2016",6,27,19,0
"2016",6,27,20,0
"2016",6,27,21,0
"2016",6,27,22,0
"2016",6,27,23,0
"2016",6,27,24,0
"2016",6,28,1,0
"2016",6,28,2,0
"2016",6,28,3,0
"2016",6,28,4,0
"2016",6,28,5,0
"2016",6,28,6,0
"2016",6,28,7,0
"2016",6,28,8,0.6
"2016",6,28,9,18.9
"2016",6,28,10,62.6
"2016",6,28,11,71.4
"2016",6,28,12,69.2
"2016",6,28,13,68.1
"2016",6,28,14,69
"2016",6,28,15,71.9
"2016",6,28,16,68
"2016",6,28,17,46.6
"2016",6,28,18,8.7
"2016",6,28,19,0
"2016",6,28,20,0
"2016",6,28,21,0
"2016",6,28,22,0
"2016",6,28,23,0
"2016",6,28,24,0
"2016",6,29,1,0
"2016",6,29,2,0
"2016",6,29,3,0
"2016",6,29,4,0
"2016",6,29,5,0
"2016",6,29,6,0
"2016",6,29,7,0
"2016",6,29,8,0.6
"2016",6,29,9,19.8
"2016",6,29,10,64.9
"2016",6,29,11,71.1
"2016",6,29,12,68.6
"2016",6,29,13,66.7
"2016",6,29,14,66.6
"2016",6,29,15,68.9
"2016",6,29,16,69.3
"2016",6,29,17,45.8
"2016",6,29,18,8
"2016",6,29,19,0
"2016",6,29,20,0
"2016",6,29,21,0
"2016",6,29,22,0
"2016",6,29,23,0
"2016",6,29,24,0
"2016",6,30,1,0
"2016",6,30,2,0
"2016",6,30,3,0
"2016",6,30,4,0
"2016",6,30,5,0
"2016",6,30,6,0
"2016",6,30,7,0
"2016",6,30,8,0.6
"2016",6,30,9,19.9
"2016",6,30,10,62.4
"2016",6,30,11,71.1
"2016",6,30,12,66.3
"2016",6,30,13,65.1
"2016",6,30,14,65.5
"2016",6,30,15,66.9
"2016",6,30,16,69.7
"2016",6,30,17,47.9
"2016",6,30,18,7.1
"2016",6,30,19,0
"2016",6,30,20,0
"2016",6,30,21,0
"2016",6,30,22,0
"2016",6,30,23,0
"2016",6,30,24,0
"2016",7,1,1,0
"2016",7,1,2,0
"2016",7,1,3,0
"2016",7,1,4,0
"2016",7,1,5,0
"2016",7,1,6,0
"2016",7,1,7,0
"2016",7,1,8,0.3
"2016",7,1,9,17.8
"2016",7,1,10,18.8
"2016",7,1,11,32.7
"2016",7,1,12,22.9
"2016",7,1,13,13.7
"2016",7,1,14,29
"2016",7,1,15,44.3
"2016",7,1,16,43.8
"2016",7,1,17,32.4
"2016",7,1,18,7.1
"2016",7,1,19,0
"2016",7,1,20,0
"2016",7,1,21,0
"2016",7,1,22,0
"2016",7,1,23,0
"2016",7,1,24,0
"2016",7,2,1,0
"2016",7,2,2,0
"2016",7,2,3,0
"2016",7,2,4,0
"2016",7,2,5,0
"2016",7,2,6,0
"2016",7,2,7,0
"2016",7,2,8,0.7
"2016",7,2,9,6.6
"2016",7,2,10,36
"2016",7,2,11,19.7
"2016",7,2,12,25.8
"2016",7,2,13,40.2
"2016",7,2,14,44.2
"2016",7,2,15,44.1
"2016",7,2,16,44.9
"2016",7,2,17,39.8
"2016",7,2,18,8.7
"2016",7,2,19,0
"2016",7,2,20,0
"2016",7,2,21,0
"2016",7,2,22,0
"2016",7,2,23,0
"2016",7,2,24,0
"2016",7,3,1,0
"2016",7,3,2,0
"2016",7,3,3,0
"2016",7,3,4,0
"2016",7,3,5,0
"2016",7,3,6,0
"2016",7,3,7,0
"2016",7,3,8,0.2
"2016",7,3,9,8.1
"2016",7,3,10,25.2
"2016",7,3,11,27.4
"2016",7,3,12,47.2
"2016",7,3,13,44.4
"2016",7,3,14,44.2
"2016",7,3,15,27.3
"2016",7,3,16,22.6
"2016",7,3,17,4.1
"2016",7,3,18,0.8
"2016",7,3,19,0
"2016",7,3,20,0
"2016",7,3,21,0
"2016",7,3,22,0
"2016",7,3,23,0
"2016",7,3,24,0
"2016",7,4,1,0
"2016",7,4,2,0
"2016",7,4,3,0
"2016",7,4,4,0
"2016",7,4,5,0
"2016",7,4,6,0
"2016",7,4,7,0
"2016",7,4,8,0.2
"2016",7,4,9,4.8
"2016",7,4,10,4.3
"2016",7,4,11,0
"2016",7,4,12,11.9
"2016",7,4,13,32.2
"2016",7,4,14,32.8
"2016",7,4,15,34.4
"2016",7,4,16,41.3
"2016",7,4,17,37.5
"2016",7,4,18,2.8
"2016",7,4,19,0
"2016",7,4,20,0
"2016",7,4,21,0
"2016",7,4,22,0
"2016",7,4,23,0
"2016",7,4,24,0
"2016",7,5,1,0
"2016",7,5,2,0
"2016",7,5,3,0
"2016",7,5,4,0
"2016",7,5,5,0
"2016",7,5,6,0
"2016",7,5,7,0
"2016",7,5,8,0.6
"2016",7,5,9,20.7
"2016",7,5,10,51.4
"2016",7,5,11,75.4
"2016",7,5,12,72.4
"2016",7,5,13,68.7
"2016",7,5,14,71.5
"2016",7,5,15,74.5
"2016",7,5,16,76.1
"2016",7,5,17,53
"2016",7,5,18,9.8
"2016",7,5,19,0
"2016",7,5,20,0
"2016",7,5,21,0
"2016",7,5,22,0
"2016",7,5,23,0
"2016",7,5,24,0
"2016",7,6,1,0
"2016",7,6,2,0
"2016",7,6,3,0
"2016",7,6,4,0
"2016",7,6,5,0
"2016",7,6,6,0
"2016",7,6,7,0
"2016",7,6,8,0
"2016",7,6,9,0
"2016",7,6,10,0
"2016",7,6,11,0
"2016",7,6,12,6
"2016",7,6,13,24.9
"2016",7,6,14,37.9
"2016",7,6,15,38.9
"2016",7,6,16,36.5
"2016",7,6,17,37.7
"2016",7,6,18,10.4
"2016",7,6,19,0
"2016",7,6,20,0
"2016",7,6,21,0
"2016",7,6,22,0
"2016",7,6,23,0
"2016",7,6,24,0
"2016",7,7,1,0
"2016",7,7,2,0
"2016",7,7,3,0
"2016",7,7,4,0
"2016",7,7,5,0
"2016",7,7,6,0
"2016",7,7,7,0
"2016",7,7,8,1
"2016",7,7,9,17.7
"2016",7,7,10,58
"2016",7,7,11,63.1
"2016",7,7,12,62.7
"2016",7,7,13,68.5
"2016",7,7,14,51.7
"2016",7,7,15,61.6
"2016",7,7,16,71.2
"2016",7,7,17,32.3
"2016",7,7,18,6.8
"2016",7,7,19,0
"2016",7,7,20,0
"2016",7,7,21,0
"2016",7,7,22,0
"2016",7,7,23,0
"2016",7,7,24,0
"2016",7,8,1,0
"2016",7,8,2,0
"2016",7,8,3,0
"2016",7,8,4,0
"2016",7,8,5,0
"2016",7,8,6,0
"2016",7,8,7,0
"2016",7,8,8,0.1
"2016",7,8,9,1.7
"2016",7,8,10,5.2
"2016",7,8,11,8.3
"2016",7,8,12,33.3
"2016",7,8,13,66.4
"2016",7,8,14,66.7
"2016",7,8,15,41.5
"2016",7,8,16,45.5
"2016",7,8,17,20.5
"2016",7,8,18,3.7
"2016",7,8,19,0
"2016",7,8,20,0
"2016",7,8,21,0
"2016",7,8,22,0
"2016",7,8,23,0
"2016",7,8,24,0
"2016",7,9,1,0
"2016",7,9,2,0
"2016",7,9,3,0
"2016",7,9,4,0
"2016",7,9,5,0
"2016",7,9,6,0
"2016",7,9,7,0
"2016",7,9,8,0.5
"2016",7,9,9,12.7
"2016",7,9,10,33.9
"2016",7,9,11,53.6
"2016",7,9,12,54.4
"2016",7,9,13,56.8
"2016",7,9,14,68.5
"2016",7,9,15,49
"2016",7,9,16,29.7
"2016",7,9,17,12.5
"2016",7,9,18,3.5
"2016",7,9,19,0
"2016",7,9,20,0
"2016",7,9,21,0
"2016",7,9,22,0
"2016",7,9,23,0
"2016",7,9,24,0
"2016",7,10,1,0
"2016",7,10,2,0
"2016",7,10,3,0
"2016",7,10,4,0
"2016",7,10,5,0
"2016",7,10,6,0
"2016",7,10,7,0
"2016",7,10,8,0.3
"2016",7,10,9,3.8
"2016",7,10,10,5.8
"2016",7,10,11,12.5
"2016",7,10,12,22
"2016",7,10,13,24.7
"2016",7,10,14,30.2
"2016",7,10,15,20.9
"2016",7,10,16,17.6
"2016",7,10,17,15.4
"2016",7,10,18,8.9
"2016",7,10,19,0
"2016",7,10,20,0
"2016",7,10,21,0
"2016",7,10,22,0
"2016",7,10,23,0
"2016",7,10,24,0
"2016",7,11,1,0
"2016",7,11,2,0
"2016",7,11,3,0
"2016",7,11,4,0
"2016",7,11,5,0
"2016",7,11,6,0
"2016",7,11,7,0
"2016",7,11,8,0.6
"2016",7,11,9,17.7
"2016",7,11,10,33.2
"2016",7,11,11,49.8
"2016",7,11,12,68.3
"2016",7,11,13,70.1
"2016",7,11,14,51.1
"2016",7,11,15,72.5
"2016",7,11,16,74.9
"2016",7,11,17,54.7
"2016",7,11,18,11
"2016",7,11,19,0
"2016",7,11,20,0
"2016",7,11,21,0
"2016",7,11,22,0
"2016",7,11,23,0
"2016",7,11,24,0
"2016",7,12,1,0
"2016",7,12,2,0
"2016",7,12,3,0
"2016",7,12,4,0
"2016",7,12,5,0
"2016",7,12,6,0
"2016",7,12,7,0
"2016",7,12,8,0.67
"2016",7,12,9,22.14
"2016",7,12,10,58.98
"2016",7,12,11,64.52
"2016",7,12,12,67.3
"2016",7,12,13,67.01
"2016",7,12,14,67.88
"2016",7,12,15,72.61
"2016",7,12,16,74.7
"2016",7,12,17,54.27
"2016",7,12,18,11.3
"2016",7,12,19,0
"2016",7,12,20,0
"2016",7,12,21,0
"2016",7,12,22,0
"2016",7,12,23,0
"2016",7,12,24,0
"2016",7,13,1,0
"2016",7,13,2,0
"2016",7,13,3,0
"2016",7,13,4,0
"2016",7,13,5,0
"2016",7,13,6,0
"2016",7,13,7,0
"2016",7,13,8,0.7
"2016",7,13,9,22.8
"2016",7,13,10,70
"2016",7,13,11,73.8
"2016",7,13,12,72
"2016",7,13,13,70.8
"2016",7,13,14,71.3
"2016",7,13,15,73.7
"2016",7,13,16,76.5
"2016",7,13,17,51.4
"2016",7,13,18,0.1
"2016",7,13,19,0
"2016",7,13,20,0
"2016",7,13,21,0
"2016",7,13,22,0
"2016",7,13,23,0
"2016",7,13,24,0
"2016",7,14,1,0
"2016",7,14,2,0
"2016",7,14,3,0
"2016",7,14,4,0
"2016",7,14,5,0
"2016",7,14,6,0
"2016",7,14,7,0
"2016",7,14,8,0.7
"2016",7,14,9,22.9
"2016",7,14,10,54.8
"2016",7,14,11,61.6
"2016",7,14,12,62.9
"2016",7,14,13,60.2
"2016",7,14,14,59.3
"2016",7,14,15,69.4
"2016",7,14,16,75.5
"2016",7,14,17,56.9
"2016",7,14,18,11.7
"2016",7,14,19,0
"2016",7,14,20,0
"2016",7,14,21,0
"2016",7,14,22,0
"2016",7,14,23,0
"2016",7,14,24,0
"2016",7,15,1,0
"2016",7,15,2,0
"2016",7,15,3,0
"2016",7,15,4,0
"2016",7,15,5,0
"2016",7,15,6,0
"2016",7,15,7,0
"2016",7,15,8,0.9
"2016",7,15,9,23.3
"2016",7,15,10,69.8
"2016",7,15,11,75.3
"2016",7,15,12,60.8
"2016",7,15,13,69.3
"2016",7,15,14,74
"2016",7,15,15,77.3
"2016",7,15,16,79.6
"2016",7,15,17,59.3
"2016",7,15,18,12.9
"2016",7,15,19,0
"2016",7,15,20,0
"2016",7,15,21,0
"2016",7,15,22,0
"2016",7,15,23,0
"2016",7,15,24,0
"2016",7,16,1,0
"2016",7,16,2,0
"2016",7,16,3,0
"2016",7,16,4,0
"2016",7,16,5,0
"2016",7,16,6,0
"2016",7,16,7,0
"2016",7,16,8,0.8
"2016",7,16,9,23.6
"2016",7,16,10,74.1
"2016",7,16,11,76.8
"2016",7,16,12,74.5
"2016",7,16,13,72.4
"2016",7,16,14,72.5
"2016",7,16,15,75.2
"2016",7,16,16,78.1
"2016",7,16,17,58.6
"2016",7,16,18,12.8
"2016",7,16,19,0
"2016",7,16,20,0
"2016",7,16,21,0
"2016",7,16,22,0
"2016",7,16,23,0
"2016",7,16,24,0
"2016",7,17,1,0
"2016",7,17,2,0
"2016",7,17,3,0
"2016",7,17,4,0
"2016",7,17,5,0
"2016",7,17,6,0
"2016",7,17,7,0
"2016",7,17,8,0.9
"2016",7,17,9,26
"2016",7,17,10,76.9
"2016",7,17,11,82.2
"2016",7,17,12,78.6
"2016",7,17,13,76.9
"2016",7,17,14,75.6
"2016",7,17,15,79.2
"2016",7,17,16,81
"2016",7,17,17,60.9
"2016",7,17,18,13.9
"2016",7,17,19,0
"2016",7,17,20,0
"2016",7,17,21,0
"2016",7,17,22,0
"2016",7,17,23,0
"2016",7,17,24,0
"2016",7,18,1,0
"2016",7,18,2,0
"2016",7,18,3,0
"2016",7,18,4,0
"2016",7,18,5,0
"2016",7,18,6,0
"2016",7,18,7,0
"2016",7,18,8,1
"2016",7,18,9,26.2
"2016",7,18,10,76.4
"2016",7,18,11,78.7
"2016",7,18,12,73.4
"2016",7,18,13,67.9
"2016",7,18,14,71.9
"2016",7,18,15,75.4
"2016",7,18,16,78.5
"2016",7,18,17,60.5
"2016",7,18,18,14.2
"2016",7,18,19,0
"2016",7,18,20,0
"2016",7,18,21,0
"2016",7,18,22,0
"2016",7,18,23,0
"2016",7,18,24,0
"2016",7,19,1,0
"2016",7,19,2,0
"2016",7,19,3,0
"2016",7,19,4,0
"2016",7,19,5,0
"2016",7,19,6,0
"2016",7,19,7,0
"2016",7,19,8,0.9
"2016",7,19,9,26.1
"2016",7,19,10,74.6
"2016",7,19,11,78
"2016",7,19,12,75.7
"2016",7,19,13,73.3
"2016",7,19,14,66.9
"2016",7,19,15,65.1
"2016",7,19,16,69.5
"2016",7,19,17,59.5
"2016",7,19,18,13.8
"2016",7,19,19,0
"2016",7,19,20,0
"2016",7,19,21,0
"2016",7,19,22,0
"2016",7,19,23,0
"2016",7,19,24,0
"2016",7,20,1,0
"2016",7,20,2,0
"2016",7,20,3,0
"2016",7,20,4,0
"2016",7,20,5,0
"2016",7,20,6,0
"2016",7,20,7,0
"2016",7,20,8,1
"2016",7,20,9,26
"2016",7,20,10,67.5
"2016",7,20,11,76.3
"2016",7,20,12,72.8
"2016",7,20,13,70.8
"2016",7,20,14,71.9
"2016",7,20,15,74.8
"2016",7,20,16,77
"2016",7,20,17,59.6
"2016",7,20,18,12.6
"2016",7,20,19,0
"2016",7,20,20,0
"2016",7,20,21,0
"2016",7,20,22,0
"2016",7,20,23,0
"2016",7,20,24,0
"2016",7,21,1,0
"2016",7,21,2,0
"2016",7,21,3,0
"2016",7,21,4,0
"2016",7,21,5,0
"2016",7,21,6,0
"2016",7,21,7,0
"2016",7,21,8,1.1
"2016",7,21,9,26.6
"2016",7,21,10,74.1
"2016",7,21,11,77.1
"2016",7,21,12,72.9
"2016",7,21,13,71.1
"2016",7,21,14,71.3
"2016",7,21,15,74.3
"2016",7,21,16,76.6
"2016",7,21,17,59.7
"2016",7,21,18,14.3
"2016",7,21,19,0
"2016",7,21,20,0
"2016",7,21,21,0
"2016",7,21,22,0
"2016",7,21,23,0
"2016",7,21,24,0
"2016",7,22,1,0
"2016",7,22,2,0
"2016",7,22,3,0
"2016",7,22,4,0
"2016",7,22,5,0
"2016",7,22,6,0
"2016",7,22,7,0
"2016",7,22,8,1.5
"2016",7,22,9,28.5
"2016",7,22,10,74.6
"2016",7,22,11,75.1
"2016",7,22,12,72.4
"2016",7,22,13,72.2
"2016",7,22,14,70.2
"2016",7,22,15,74.1
"2016",7,22,16,76.7
"2016",7,22,17,56.7
"2016",7,22,18,12.2
"2016",7,22,19,0
"2016",7,22,20,0
"2016",7,22,21,0
"2016",7,22,22,0
"2016",7,22,23,0
"2016",7,22,24,0
"2016",7,23,1,0
"2016",7,23,2,0
"2016",7,23,3,0
"2016",7,23,4,0
"2016",7,23,5,0
"2016",7,23,6,0
"2016",7,23,7,0
"2016",7,23,8,1.3
"2016",7,23,9,27.4
"2016",7,23,10,71.7
"2016",7,23,11,75.7
"2016",7,23,12,71.2
"2016",7,23,13,68.2
"2016",7,23,14,71.1
"2016",7,23,15,70.1
"2016",7,23,16,68.1
"2016",7,23,17,52
"2016",7,23,18,13
"2016",7,23,19,0
"2016",7,23,20,0
"2016",7,23,21,0
"2016",7,23,22,0
"2016",7,23,23,0
"2016",7,23,24,0
"2016",7,24,1,0
"2016",7,24,2,0
"2016",7,24,3,0
"2016",7,24,4,0
"2016",7,24,5,0
"2016",7,24,6,0
"2016",7,24,7,0
"2016",7,24,8,1
"2016",7,24,9,27.2
"2016",7,24,10,73
"2016",7,24,11,75
"2016",7,24,12,73.9
"2016",7,24,13,72.9
"2016",7,24,14,71.2
"2016",7,24,15,75.2
"2016",7,24,16,80.3
"2016",7,24,17,64.3
"2016",7,24,18,15
"2016",7,24,19,0
"2016",7,24,20,0
"2016",7,24,21,0
"2016",7,24,22,0
"2016",7,24,23,0
"2016",7,24,24,0
"2016",7,25,1,0
"2016",7,25,2,0
"2016",7,25,3,0
"2016",7,25,4,0
"2016",7,25,5,0
"2016",7,25,6,0
"2016",7,25,7,0
"2016",7,25,8,1.3
"2016",7,25,9,29.3
"2016",7,25,10,78.8
"2016",7,25,11,81.1
"2016",7,25,12,77.6
"2016",7,25,13,76.4
"2016",7,25,14,76.4
"2016",7,25,15,78.4
"2016",7,25,16,81.3
"2016",7,25,17,64.1
"2016",7,25,18,16.1
"2016",7,25,19,0
"2016",7,25,20,0
"2016",7,25,21,0
"2016",7,25,22,0
"2016",7,25,23,0
"2016",7,25,24,0
"2016",7,26,1,0
"2016",7,26,2,0
"2016",7,26,3,0
"2016",7,26,4,0
"2016",7,26,5,0
"2016",7,26,6,0
"2016",7,26,7,0
"2016",7,26,8,0
"2016",7,26,9,28.6
"2016",7,26,10,7.6
"2016",7,26,11,0
"2016",7,26,12,0
"2016",7,26,13,0
"2016",7,26,14,0
"2016",7,26,15,0
"2016",7,26,16,0
"2016",7,26,17,0
"2016",7,26,18,0
"2016",7,26,19,0
"2016",7,26,20,0
"2016",7,26,21,0
"2016",7,26,22,0
"2016",7,26,23,0
"2016",7,26,24,0
"2016",7,27,1,0
"2016",7,27,2,0
"2016",7,27,3,0
"2016",7,27,4,0
"2016",7,27,5,0
"2016",7,27,6,0
"2016",7,27,7,0
"2016",7,27,8,1.5
"2016",7,27,9,30
"2016",7,27,10,76.2
"2016",7,27,11,78.9
"2016",7,27,12,76.5
"2016",7,27,13,76.2
"2016",7,27,14,75.1
"2016",7,27,15,77.6
"2016",7,27,16,80.1
"2016",7,27,17,65
"2016",7,27,18,17.8
"2016",7,27,19,0.1
"2016",7,27,20,0
"2016",7,27,21,0
"2016",7,27,22,0
"2016",7,27,23,0
"2016",7,27,24,0
"2016",7,28,1,0
"2016",7,28,2,0
"2016",7,28,3,0
"2016",7,28,4,0
"2016",7,28,5,0
"2016",7,28,6,0
"2016",7,28,7,0
"2016",7,28,8,1.6
"2016",7,28,9,30.9
"2016",7,28,10,77
"2016",7,28,11,78.9
"2016",7,28,12,76.8
"2016",7,28,13,75.7
"2016",7,28,14,73.2
"2016",7,28,15,76.4
"2016",7,28,16,80.3
"2016",7,28,17,66
"2016",7,28,18,17.8
"2016",7,28,19,0.1
"2016",7,28,20,0
"2016",7,28,21,0
"2016",7,28,22,0
"2016",7,28,23,0
"2016",7,28,24,0
"2016",7,29,1,0
"2016",7,29,2,0
"2016",7,29,3,0
"2016",7,29,4,0
"2016",7,29,5,0
"2016",7,29,6,0
"2016",7,29,7,0
"2016",7,29,8,1.7
"2016",7,29,9,31.6
"2016",7,29,10,79.2
"2016",7,29,11,79.6
"2016",7,29,12,77.9
"2016",7,29,13,77
"2016",7,29,14,77.4
"2016",7,29,15,79.8
"2016",7,29,16,82.1
"2016",7,29,17,66.5
"2016",7,29,18,17.4
"2016",7,29,19,0.1
"2016",7,29,20,0
"2016",7,29,21,0
"2016",7,29,22,0
"2016",7,29,23,0
"2016",7,29,24,0
"2016",7,30,1,0
"2016",7,30,2,0
"2016",7,30,3,0
"2016",7,30,4,0
"2016",7,30,5,0
"2016",7,30,6,0
"2016",7,30,7,0
"2016",7,30,8,1.8
"2016",7,30,9,31.6
"2016",7,30,10,78.5
"2016",7,30,11,80.7
"2016",7,30,12,78
"2016",7,30,13,76.2
"2016",7,30,14,77.4
"2016",7,30,15,80.6
"2016",7,30,16,83.5
"2016",7,30,17,34.3
"2016",7,30,18,18.6
"2016",7,30,19,0.2
"2016",7,30,20,0
"2016",7,30,21,0
"2016",7,30,22,0
"2016",7,30,23,0
"2016",7,30,24,0
"2016",7,31,1,0
"2016",7,31,2,0
"2016",7,31,3,0
"2016",7,31,4,0
"2016",7,31,5,0
"2016",7,31,6,0
"2016",7,31,7,0
"2016",7,31,8,1.1
"2016",7,31,9,8.9
"2016",7,31,10,77.2
"2016",7,31,11,56.2
"2016",7,31,12,77.7
"2016",7,31,13,74.6
"2016",7,31,14,74.4
"2016",7,31,15,76.4
"2016",7,31,16,78.7
"2016",7,31,17,64
"2016",7,31,18,17.8
"2016",7,31,19,0.1
"2016",7,31,20,0
"2016",7,31,21,0
"2016",7,31,22,0
"2016",7,31,23,0
"2016",7,31,24,0
"2016",8,1,1,0
"2016",8,1,2,0
"2016",8,1,3,0
"2016",8,1,4,0
"2016",8,1,5,0
"2016",8,1,6,0
"2016",8,1,7,0
"2016",8,1,8,2
"2016",8,1,9,32.6
"2016",8,1,10,80.6
"2016",8,1,11,79.3
"2016",8,1,12,77
"2016",8,1,13,75.8
"2016",8,1,14,75.4
"2016",8,1,15,77.1
"2016",8,1,16,80
"2016",8,1,17,65.8
"2016",8,1,18,18.9
"2016",8,1,19,0.1
"2016",8,1,20,0
"2016",8,1,21,0
"2016",8,1,22,0
"2016",8,1,23,0
"2016",8,1,24,0
"2016",8,2,1,0
"2016",8,2,2,0
"2016",8,2,3,0
"2016",8,2,4,0
"2016",8,2,5,0
"2016",8,2,6,0
"2016",8,2,7,0
"2016",8,2,8,2.2
"2016",8,2,9,34.2
"2016",8,2,10,80.8
"2016",8,2,11,81.1
"2016",8,2,12,78.8
"2016",8,2,13,77
"2016",8,2,14,76.3
"2016",8,2,15,78.7
"2016",8,2,16,80.9
"2016",8,2,17,68.3
"2016",8,2,18,19.9
"2016",8,2,19,0.1
"2016",8,2,20,0
"2016",8,2,21,0
"2016",8,2,22,0
"2016",8,2,23,0
"2016",8,2,24,0
"2016",8,3,1,0
"2016",8,3,2,0
"2016",8,3,3,0
"2016",8,3,4,0
"2016",8,3,5,0
"2016",8,3,6,0
"2016",8,3,7,0
"2016",8,3,8,2.4
"2016",8,3,9,35.7
"2016",8,3,10,82.9
"2016",8,3,11,81.2
"2016",8,3,12,78.3
"2016",8,3,13,76.7
"2016",8,3,14,76.6
"2016",8,3,15,78.7
"2016",8,3,16,81.4
"2016",8,3,17,67.8
"2016",8,3,18,20.1
"2016",8,3,19,0.1
"2016",8,3,20,0
"2016",8,3,21,0
"2016",8,3,22,0
"2016",8,3,23,0
"2016",8,3,24,0
"2016",8,4,1,0
"2016",8,4,2,0
"2016",8,4,3,0
"2016",8,4,4,0
"2016",8,4,5,0
"2016",8,4,6,0
"2016",8,4,7,0
"2016",8,4,8,2.5
"2016",8,4,9,35.6
"2016",8,4,10,80.9
"2016",8,4,11,81.3
"2016",8,4,12,79.7
"2016",8,4,13,77.5
"2016",8,4,14,77.7
"2016",8,4,15,81
"2016",8,4,16,81
"2016",8,4,17,66.9
"2016",8,4,18,18.9
"2016",8,4,19,0.1
"2016",8,4,20,0
"2016",8,4,21,0
"2016",8,4,22,0
"2016",8,4,23,0
"2016",8,4,24,0
"2016",8,5,1,0
"2016",8,5,2,0
"2016",8,5,3,0
"2016",8,5,4,0
"2016",8,5,5,0
"2016",8,5,6,0
"2016",8,5,7,0
"2016",8,5,8,4
"2016",8,5,9,26.9
"2016",8,5,10,32.8
"2016",8,5,11,41.9
"2016",8,5,12,39.5
"2016",8,5,13,43.7
"2016",8,5,14,39.4
"2016",8,5,15,27.4
"2016",8,5,16,10.6
"2016",8,5,17,5.1
"2016",8,5,18,2
"2016",8,5,19,0
"2016",8,5,20,0
"2016",8,5,21,0
"2016",8,5,22,0
"2016",8,5,23,0
"2016",8,5,24,0
"2016",8,6,1,0
"2016",8,6,2,0
"2016",8,6,3,0
"2016",8,6,4,0
"2016",8,6,5,0
"2016",8,6,6,0
"2016",8,6,7,0
"2016",8,6,8,1.2
"2016",8,6,9,12.3
"2016",8,6,10,50.8
"2016",8,6,11,64.4
"2016",8,6,12,57.7
"2016",8,6,13,75.9
"2016",8,6,14,80.2
"2016",8,6,15,68.1
"2016",8,6,16,38.2
"2016",8,6,17,20.8
"2016",8,6,18,13.8
"2016",8,6,19,0.4
"2016",8,6,20,0
"2016",8,6,21,0
"2016",8,6,22,0
"2016",8,6,23,0
"2016",8,6,24,0
"2016",8,7,1,0
"2016",8,7,2,0
"2016",8,7,3,0
"2016",8,7,4,0
"2016",8,7,5,0
"2016",8,7,6,0
"2016",8,7,7,0
"2016",8,7,8,2.9
"2016",8,7,9,36.6
"2016",8,7,10,82
"2016",8,7,11,81.2
"2016",8,7,12,80.1
"2016",8,7,13,79.1
"2016",8,7,14,78.8
"2016",8,7,15,81.3
"2016",8,7,16,83.6
"2016",8,7,17,69.9
"2016",8,7,18,21
"2016",8,7,19,0.2
"2016",8,7,20,0
"2016",8,7,21,0
"2016",8,7,22,0
"2016",8,7,23,0
"2016",8,7,24,0
"2016",8,8,1,0
"2016",8,8,2,0
"2016",8,8,3,0
"2016",8,8,4,0
"2016",8,8,5,0
"2016",8,8,6,0
"2016",8,8,7,0
"2016",8,8,8,3.1
"2016",8,8,9,37.7
"2016",8,8,10,81.8
"2016",8,8,11,81.1
"2016",8,8,12,80
"2016",8,8,13,78.5
"2016",8,8,14,78.7
"2016",8,8,15,81.3
"2016",8,8,16,83.1
"2016",8,8,17,70.6
"2016",8,8,18,22
"2016",8,8,19,0.2
"2016",8,8,20,0
"2016",8,8,21,0
"2016",8,8,22,0
"2016",8,8,23,0
"2016",8,8,24,0
"2016",8,9,1,0
"2016",8,9,2,0
"2016",8,9,3,0
"2016",8,9,4,0
"2016",8,9,5,0
"2016",8,9,6,0
"2016",8,9,7,0
"2016",8,9,8,3.3
"2016",8,9,9,33.3
"2016",8,9,10,60.1
"2016",8,9,11,62.8
"2016",8,9,12,72.4
"2016",8,9,13,80.1
"2016",8,9,14,79.5
"2016",8,9,15,81.6
"2016",8,9,16,83.5
"2016",8,9,17,70.4
"2016",8,9,18,22.1
"2016",8,9,19,0.2
"2016",8,9,20,0
"2016",8,9,21,0
"2016",8,9,22,0
"2016",8,9,23,0
"2016",8,9,24,0
"2016",8,10,1,0
"2016",8,10,2,0
"2016",8,10,3,0
"2016",8,10,4,0
"2016",8,10,5,0
"2016",8,10,6,0
"2016",8,10,7,0
"2016",8,10,8,3.6
"2016",8,10,9,41.5
"2016",8,10,10,72.2
"2016",8,10,11,40.6
"2016",8,10,12,65.9
"2016",8,10,13,75.6
"2016",8,10,14,74.3
"2016",8,10,15,82.7
"2016",8,10,16,85
"2016",8,10,17,72.1
"2016",8,10,18,23.1
"2016",8,10,19,0.2
"2016",8,10,20,0
"2016",8,10,21,0
"2016",8,10,22,0
"2016",8,10,23,0
"2016",8,10,24,0
"2016",8,11,1,0
"2016",8,11,2,0
"2016",8,11,3,0
"2016",8,11,4,0
"2016",8,11,5,0
"2016",8,11,6,0
"2016",8,11,7,0
"2016",8,11,8,3.9
"2016",8,11,9,41.8
"2016",8,11,10,85.6
"2016",8,11,11,82.8
"2016",8,11,12,79.1
"2016",8,11,13,77.7
"2016",8,11,14,46.8
"2016",8,11,15,40.4
"2016",8,11,16,40.4
"2016",8,11,17,59
"2016",8,11,18,23.9
"2016",8,11,19,0.3
"2016",8,11,20,0
"2016",8,11,21,0
"2016",8,11,22,0
"2016",8,11,23,0
"2016",8,11,24,0
"2016",8,12,1,0
"2016",8,12,2,0
"2016",8,12,3,0
"2016",8,12,4,0
"2016",8,12,5,0
"2016",8,12,6,0
"2016",8,12,7,0
"2016",8,12,8,3.8
"2016",8,12,9,40
"2016",8,12,10,75.6
"2016",8,12,11,35.6
"2016",8,12,12,21.1
"2016",8,12,13,13.1
"2016",8,12,14,13.1
"2016",8,12,15,13.2
"2016",8,12,16,11.5
"2016",8,12,17,15.6
"2016",8,12,18,16.9
"2016",8,12,19,0.2
"2016",8,12,20,0
"2016",8,12,21,0
"2016",8,12,22,0
"2016",8,12,23,0
"2016",8,12,24,0
"2016",8,13,1,0
"2016",8,13,2,0
"2016",8,13,3,0
"2016",8,13,4,0
"2016",8,13,5,0
"2016",8,13,6,0
"2016",8,13,7,0
"2016",8,13,8,4.1
"2016",8,13,9,42
"2016",8,13,10,69.2
"2016",8,13,11,28.4
"2016",8,13,12,22
"2016",8,13,13,20
"2016",8,13,14,13.3
"2016",8,13,15,13.3
"2016",8,13,16,23.5
"2016",8,13,17,60.8
"2016",8,13,18,23.6
"2016",8,13,19,0.3
"2016",8,13,20,0
"2016",8,13,21,0
"2016",8,13,22,0
"2016",8,13,23,0
"2016",8,13,24,0
"2016",8,14,1,0
"2016",8,14,2,0
"2016",8,14,3,0
"2016",8,14,4,0
"2016",8,14,5,0
"2016",8,14,6,0
"2016",8,14,7,0
"2016",8,14,8,0
"2016",8,14,9,4.4
"2016",8,14,10,42.9
"2016",8,14,11,74.6
"2016",8,14,12,60.5
"2016",8,14,13,60.5
"2016",8,14,14,46.9
"2016",8,14,15,33.4
"2016",8,14,16,26.8
"2016",8,14,17,13
"2016",8,14,18,24.6
"2016",8,14,19,22.9
"2016",8,14,20,0.3
"2016",8,14,21,0
"2016",8,14,22,0
"2016",8,14,23,0
"2016",8,14,24,0
"2016",8,15,1,0
"2016",8,15,2,0
"2016",8,15,3,0
"2016",8,15,4,0
"2016",8,15,5,0
"2016",8,15,6,0
"2016",8,15,7,0
"2016",8,15,8,0
"2016",8,15,9,4.8
"2016",8,15,10,45.3
"2016",8,15,11,86.7
"2016",8,15,12,83.5
"2016",8,15,13,78.7
"2016",8,15,14,51
"2016",8,15,15,32.5
"2016",8,15,16,28.3
"2016",8,15,17,20.4
"2016",8,15,18,28.3
"2016",8,15,19,24.2
"2016",8,15,20,0.4
"2016",8,15,21,0
"2016",8,15,22,0
"2016",8,15,23,0
"2016",8,15,24,0
"2016",8,16,1,0
"2016",8,16,2,0
"2016",8,16,3,0
"2016",8,16,4,0
"2016",8,16,5,0
"2016",8,16,6,0
"2016",8,16,7,0
"2016",8,16,8,0
"2016",8,16,9,5.1
"2016",8,16,10,44.5
"2016",8,16,11,27.5
"2016",8,16,12,0
"2016",8,16,13,0
"2016",8,16,14,0
"2016",8,16,15,0
"2016",8,16,16,0
"2016",8,16,17,0
"2016",8,16,18,0
"2016",8,16,19,0
"2016",8,16,20,0
"2016",8,16,21,0
"2016",8,16,22,0
"2016",8,16,23,0
"2016",8,16,24,0
"2016",8,17,1,0
"2016",8,17,2,0
"2016",8,17,3,0
"2016",8,17,4,0
"2016",8,17,5,0
"2016",8,17,6,0
"2016",8,17,7,0
"2016",8,17,8,0
"2016",8,17,9,0
"2016",8,17,10,0
"2016",8,17,11,0
"2016",8,17,12,0
"2016",8,17,13,0
"2016",8,17,14,0
"2016",8,17,15,0
"2016",8,17,16,0
"2016",8,17,17,0
"2016",8,17,18,0
"2016",8,17,19,0
"2016",8,17,20,0
"2016",8,17,21,0
"2016",8,17,22,0
"2016",8,17,23,0
"2016",8,17,24,0
"2016",8,18,1,0
"2016",8,18,2,0
"2016",8,18,3,0
"2016",8,18,4,0
"2016",8,18,5,0
"2016",8,18,6,0
"2016",8,18,7,0
"2016",8,18,8,0
"2016",8,18,9,0
"2016",8,18,10,0
"2016",8,18,11,0
"2016",8,18,12,0
"2016",8,18,13,0
"2016",8,18,14,0
"2016",8,18,15,0
"2016",8,18,16,0
"2016",8,18,17,0
"2016",8,18,18,0
"2016",8,18,19,0
"2016",8,18,20,0
"2016",8,18,21,0
"2016",8,18,22,0
"2016",8,18,23,0
"2016",8,18,24,0
"2016",8,19,1,0
"2016",8,19,2,0
"2016",8,19,3,0
"2016",8,19,4,0
"2016",8,19,5,0
"2016",8,19,6,0
"2016",8,19,7,0
"2016",8,19,8,0
"2016",8,19,9,0
"2016",8,19,10,0
"2016",8,19,11,0
"2016",8,19,12,0
"2016",8,19,13,0
"2016",8,19,14,0
"2016",8,19,15,0
"2016",8,19,16,0
"2016",8,19,17,0
"2016",8,19,18,0
"2016",8,19,19,0
"2016",8,19,20,0
"2016",8,19,21,0
"2016",8,19,22,0
"2016",8,19,23,0
"2016",8,19,24,0
"2016",8,20,1,0
"2016",8,20,2,0
"2016",8,20,3,0
"2016",8,20,4,0
"2016",8,20,5,0
"2016",8,20,6,0
"2016",8,20,7,0
"2016",8,20,8,0
"2016",8,20,9,0
"2016",8,20,10,0
"2016",8,20,11,0
"2016",8,20,12,0
"2016",8,20,13,0
"2016",8,20,14,0
"2016",8,20,15,0
"2016",8,20,16,0
"2016",8,20,17,0
"2016",8,20,18,0
"2016",8,20,19,0
"2016",8,20,20,0
"2016",8,20,21,0
"2016",8,20,22,0
"2016",8,20,23,0
"2016",8,20,24,0
"2016",8,21,1,0
"2016",8,21,2,0
"2016",8,21,3,0
"2016",8,21,4,0
"2016",8,21,5,0
"2016",8,21,6,0
"2016",8,21,7,0
"2016",8,21,8,0
"2016",8,21,9,0
"2016",8,21,10,0
"2016",8,21,11,0
"2016",8,21,12,0
"2016",8,21,13,0
"2016",8,21,14,0
"2016",8,21,15,0
"2016",8,21,16,0
"2016",8,21,17,0
"2016",8,21,18,0
"2016",8,21,19,0
"2016",8,21,20,0
"2016",8,21,21,0
"2016",8,21,22,0
"2016",8,21,23,0
"2016",8,21,24,0
"2016",8,22,1,0
"2016",8,22,2,0
"2016",8,22,3,0
"2016",8,22,4,0
"2016",8,22,5,0
"2016",8,22,6,0
"2016",8,22,7,0
"2016",8,22,8,0
"2016",8,22,9,0
"2016",8,22,10,0
"2016",8,22,11,0
"2016",8,22,12,0
"2016",8,22,13,0
"2016",8,22,14,0
"2016",8,22,15,0
"2016",8,22,16,0
"2016",8,22,17,0
"2016",8,22,18,0
"2016",8,22,19,0
"2016",8,22,20,0
"2016",8,22,21,0
"2016",8,22,22,0
"2016",8,22,23,0
"2016",8,22,24,0
"2016",8,23,1,0
"2016",8,23,2,0
"2016",8,23,3,0
"2016",8,23,4,0
"2016",8,23,5,0
"2016",8,23,6,0
"2016",8,23,7,0
"2016",8,23,8,0
"2016",8,23,9,0
"2016",8,23,10,0
"2016",8,23,11,0
"2016",8,23,12,0
"2016",8,23,13,0
"2016",8,23,14,0
"2016",8,23,15,0
"2016",8,23,16,0
"2016",8,23,17,0
"2016",8,23,18,0
"2016",8,23,19,0
"2016",8,23,20,0
"2016",8,23,21,0
"2016",8,23,22,0
"2016",8,23,23,0
"2016",8,23,24,0
"2016",8,24,1,0
"2016",8,24,2,0
"2016",8,24,3,0
"2016",8,24,4,0
"2016",8,24,5,0
"2016",8,24,6,0
"2016",8,24,7,0
"2016",8,24,8,0
"2016",8,24,9,0
"2016",8,24,10,0
"2016",8,24,11,0
"2016",8,24,12,0
"2016",8,24,13,0
"2016",8,24,14,0
"2016",8,24,15,0
"2016",8,24,16,0
"2016",8,24,17,0
"2016",8,24,18,0
"2016",8,24,19,0
"2016",8,24,20,0
"2016",8,24,21,0
"2016",8,24,22,0
"2016",8,24,23,0
"2016",8,24,24,0
"2016",8,25,1,0
"2016",8,25,2,0
"2016",8,25,3,0
"2016",8,25,4,0
"2016",8,25,5,0
"2016",8,25,6,0
"2016",8,25,7,0
"2016",8,25,8,0
"2016",8,25,9,0
"2016",8,25,10,0
"2016",8,25,11,0
"2016",8,25,12,0
"2016",8,25,13,0
"2016",8,25,14,0
"2016",8,25,15,0
"2016",8,25,16,0
"2016",8,25,17,0
"2016",8,25,18,0
"2016",8,25,19,0
"2016",8,25,20,0
"2016",8,25,21,0
"2016",8,25,22,0
"2016",8,25,23,0
"2016",8,25,24,0
"2016",8,26,1,0
"2016",8,26,2,0
"2016",8,26,3,0
"2016",8,26,4,0
"2016",8,26,5,0
"2016",8,26,6,0
"2016",8,26,7,0
"2016",8,26,8,0
"2016",8,26,9,0
"2016",8,26,10,0
"2016",8,26,11,0
"2016",8,26,12,0
"2016",8,26,13,0
"2016",8,26,14,0
"2016",8,26,15,0
"2016",8,26,16,0
"2016",8,26,17,0
"2016",8,26,18,0
"2016",8,26,19,0
"2016",8,26,20,0
"2016",8,26,21,0
"2016",8,26,22,0
"2016",8,26,23,0
"2016",8,26,24,0
"2016",8,27,1,0
"2016",8,27,2,0
"2016",8,27,3,0
"2016",8,27,4,0
"2016",8,27,5,0
"2016",8,27,6,0
"2016",8,27,7,0
"2016",8,27,8,0
"2016",8,27,9,0
"2016",8,27,10,0
"2016",8,27,11,0
"2016",8,27,12,0
"2016",8,27,13,0
"2016",8,27,14,0
"2016",8,27,15,0
"2016",8,27,16,0
"2016",8,27,17,0
"2016",8,27,18,0
"2016",8,27,19,0
"2016",8,27,20,0
"2016",8,27,21,0
"2016",8,27,22,0
"2016",8,27,23,0
"2016",8,27,24,0
"2016",8,28,1,0
"2016",8,28,2,0
"2016",8,28,3,0
"2016",8,28,4,0
"2016",8,28,5,0
"2016",8,28,6,0
"2016",8,28,7,0
"2016",8,28,8,0
"2016",8,28,9,0
"2016",8,28,10,0
"2016",8,28,11,0
"2016",8,28,12,0
"2016",8,28,13,0
"2016",8,28,14,0
"2016",8,28,15,0
"2016",8,28,16,0
"2016",8,28,17,0
"2016",8,28,18,0
"2016",8,28,19,0
"2016",8,28,20,0
"2016",8,28,21,0
"2016",8,28,22,0
"2016",8,28,23,0
"2016",8,28,24,0
"2016",8,29,1,0
"2016",8,29,2,0
"2016",8,29,3,0
"2016",8,29,4,0
"2016",8,29,5,0
"2016",8,29,6,0
"2016",8,29,7,0
"2016",8,29,8,0
"2016",8,29,9,0
"2016",8,29,10,0
"2016",8,29,11,0
"2016",8,29,12,0
"2016",8,29,13,0
"2016",8,29,14,0
"2016",8,29,15,0
"2016",8,29,16,0
"2016",8,29,17,0
"2016",8,29,18,0
"2016",8,29,19,0
"2016",8,29,20,0
"2016",8,29,21,0
"2016",8,29,22,0
"2016",8,29,23,0
"2016",8,29,24,0
"2016",8,30,1,0
"2016",8,30,2,0
"2016",8,30,3,0
"2016",8,30,4,0
"2016",8,30,5,0
"2016",8,30,6,0
"2016",8,30,7,0
"2016",8,30,8,0
"2016",8,30,9,0
"2016",8,30,10,0
"2016",8,30,11,0
"2016",8,30,12,0
"2016",8,30,13,0
"2016",8,30,14,0
"2016",8,30,15,0
"2016",8,30,16,0
"2016",8,30,17,0
"2016",8,30,18,0
"2016",8,30,19,0
"2016",8,30,20,0
"2016",8,30,21,0
"2016",8,30,22,0
"2016",8,30,23,0
"2016",8,30,24,0
"2016",8,31,1,0
"2016",8,31,2,0
"2016",8,31,3,0
"2016",8,31,4,0
"2016",8,31,5,0
"2016",8,31,6,0
"2016",8,31,7,0
"2016",8,31,8,0
"2016",8,31,9,0
"2016",8,31,10,0
"2016",8,31,11,0
"2016",8,31,12,0
"2016",8,31,13,0
"2016",8,31,14,0
"2016",8,31,15,0
"2016",8,31,16,0
"2016",8,31,17,0
"2016",8,31,18,0
"2016",8,31,19,0
"2016",8,31,20,0
"2016",8,31,21,0
"2016",8,31,22,0
"2016",8,31,23,0
"2016",8,31,24,0
"2016",9,1,1,0
"2016",9,1,2,0
"2016",9,1,3,0
"2016",9,1,4,0
"2016",9,1,5,0
"2016",9,1,6,0
"2016",9,1,7,0
"2016",9,1,8,0
"2016",9,1,9,0
"2016",9,1,10,0
"2016",9,1,11,0
"2016",9,1,12,0
"2016",9,1,13,0
"2016",9,1,14,0
"2016",9,1,15,0
"2016",9,1,16,0
"2016",9,1,17,0
"2016",9,1,18,0
"2016",9,1,19,0
"2016",9,1,20,0
"2016",9,1,21,0
"2016",9,1,22,0
"2016",9,1,23,0
"2016",9,1,24,0
"2016",9,2,1,0
"2016",9,2,2,0
"2016",9,2,3,0
"2016",9,2,4,0
"2016",9,2,5,0
"2016",9,2,6,0
"2016",9,2,7,0
"2016",9,2,8,0
"2016",9,2,9,0
"2016",9,2,10,0
"2016",9,2,11,0
"2016",9,2,12,0
"2016",9,2,13,0
"2016",9,2,14,0
"2016",9,2,15,0
"2016",9,2,16,0
"2016",9,2,17,0
"2016",9,2,18,0
"2016",9,2,19,0
"2016",9,2,20,0
"2016",9,2,21,0
"2016",9,2,22,0
"2016",9,2,23,0
"2016",9,2,24,0
"2016",9,3,1,0
"2016",9,3,2,0
"2016",9,3,3,0
"2016",9,3,4,0
"2016",9,3,5,0
"2016",9,3,6,0
"2016",9,3,7,0
"2016",9,3,8,0
"2016",9,3,9,0
"2016",9,3,10,0
"2016",9,3,11,0
"2016",9,3,12,0
"2016",9,3,13,0
"2016",9,3,14,0
"2016",9,3,15,0
"2016",9,3,16,0
"2016",9,3,17,0
"2016",9,3,18,0
"2016",9,3,19,0
"2016",9,3,20,0
"2016",9,3,21,0
"2016",9,3,22,0
"2016",9,3,23,0
"2016",9,3,24,0
"2016",9,4,1,0
"2016",9,4,2,0
"2016",9,4,3,0
"2016",9,4,4,0
"2016",9,4,5,0
"2016",9,4,6,0
"2016",9,4,7,0
"2016",9,4,8,0
"2016",9,4,9,0
"2016",9,4,10,0
"2016",9,4,11,0
"2016",9,4,12,0
"2016",9,4,13,0
"2016",9,4,14,0
"2016",9,4,15,0
"2016",9,4,16,0
"2016",9,4,17,0
"2016",9,4,18,0
"2016",9,4,19,0
"2016",9,4,20,0
"2016",9,4,21,0
"2016",9,4,22,0
"2016",9,4,23,0
"2016",9,4,24,0
"2016",9,5,1,0
"2016",9,5,2,0
"2016",9,5,3,0
"2016",9,5,4,0
"2016",9,5,5,0
"2016",9,5,6,0
"2016",9,5,7,0
"2016",9,5,8,0
"2016",9,5,9,0
"2016",9,5,10,0
"2016",9,5,11,0
"2016",9,5,12,0
"2016",9,5,13,0
"2016",9,5,14,0
"2016",9,5,15,0
"2016",9,5,16,0
"2016",9,5,17,0
"2016",9,5,18,0
"2016",9,5,19,0
"2016",9,5,20,0
"2016",9,5,21,0
"2016",9,5,22,0
"2016",9,5,23,0
"2016",9,5,24,0
"2016",9,6,1,0
"2016",9,6,2,0
"2016",9,6,3,0
"2016",9,6,4,0
"2016",9,6,5,0
"2016",9,6,6,0
"2016",9,6,7,0
"2016",9,6,8,0
"2016",9,6,9,0
"2016",9,6,10,0
"2016",9,6,11,0
"2016",9,6,12,0
"2016",9,6,13,0
"2016",9,6,14,0
"2016",9,6,15,0
"2016",9,6,16,0
"2016",9,6,17,0
"2016",9,6,18,0
"2016",9,6,19,0
"2016",9,6,20,0
"2016",9,6,21,0
"2016",9,6,22,0
"2016",9,6,23,0
"2016",9,6,24,0
"2016",9,7,1,0
"2016",9,7,2,0
"2016",9,7,3,0
"2016",9,7,4,0
"2016",9,7,5,0
"2016",9,7,6,0
"2016",9,7,7,0
"2016",9,7,8,0
"2016",9,7,9,0
"2016",9,7,10,0
"2016",9,7,11,0
"2016",9,7,12,0
"2016",9,7,13,0
"2016",9,7,14,0
"2016",9,7,15,0
"2016",9,7,16,0
"2016",9,7,17,0
"2016",9,7,18,0
"2016",9,7,19,0
"2016",9,7,20,0
"2016",9,7,21,0
"2016",9,7,22,0
"2016",9,7,23,0
"2016",9,7,24,0
"2016",9,8,1,0
"2016",9,8,2,0
"2016",9,8,3,0
"2016",9,8,4,0
"2016",9,8,5,0
"2016",9,8,6,0
"2016",9,8,7,0
"2016",9,8,8,0
"2016",9,8,9,0
"2016",9,8,10,0
"2016",9,8,11,0
"2016",9,8,12,0
"2016",9,8,13,0
"2016",9,8,14,0
"2016",9,8,15,0
"2016",9,8,16,0
"2016",9,8,17,0.3
"2016",9,8,18,6.3
"2016",9,8,19,3.3
"2016",9,8,20,0.1
"2016",9,8,21,0
"2016",9,8,22,0
"2016",9,8,23,0
"2016",9,8,24,0
"2016",9,9,1,0
"2016",9,9,2,0
"2016",9,9,3,0
"2016",9,9,4,0
"2016",9,9,5,0
"2016",9,9,6,0
"2016",9,9,7,0
"2016",9,9,8,0
"2016",9,9,9,3
"2016",9,9,10,13.6
"2016",9,9,11,26.7
"2016",9,9,12,0
"2016",9,9,13,0
"2016",9,9,14,0
"2016",9,9,15,0
"2016",9,9,16,0
"2016",9,9,17,0
"2016",9,9,18,4.7
"2016",9,9,19,34
"2016",9,9,20,1.6
"2016",9,9,21,0
"2016",9,9,22,0
"2016",9,9,23,0
"2016",9,9,24,0
"2016",9,10,1,0
"2016",9,10,2,0
"2016",9,10,3,0
"2016",9,10,4,0
"2016",9,10,5,0
"2016",9,10,6,0
"2016",9,10,7,0
"2016",9,10,8,0.1
"2016",9,10,9,15.3
"2016",9,10,10,62.9
"2016",9,10,11,89.7
"2016",9,10,12,90.5
"2016",9,10,13,86.9
"2016",9,10,14,87.3
"2016",9,10,15,87.1
"2016",9,10,16,88
"2016",9,10,17,85.1
"2016",9,10,18,78.4
"2016",9,10,19,29
"2016",9,10,20,1.8
"2016",9,10,21,0
"2016",9,10,22,0
"2016",9,10,23,0
"2016",9,10,24,0
"2016",9,11,1,0
"2016",9,11,2,0
"2016",9,11,3,0
"2016",9,11,4,0
"2016",9,11,5,0
"2016",9,11,6,0
"2016",9,11,7,0
"2016",9,11,8,0.1
"2016",9,11,9,20.7
"2016",9,11,10,75.5
"2016",9,11,11,90.1
"2016",9,11,12,90.2
"2016",9,11,13,88.8
"2016",9,11,14,89.6
"2016",9,11,15,89.2
"2016",9,11,16,87.1
"2016",9,11,17,88.7
"2016",9,11,18,84.7
"2016",9,11,19,37.8
"2016",9,11,20,1.9
"2016",9,11,21,0
"2016",9,11,22,0
"2016",9,11,23,0
"2016",9,11,24,0
"2016",9,12,1,0
"2016",9,12,2,0
"2016",9,12,3,0
"2016",9,12,4,0
"2016",9,12,5,0
"2016",9,12,6,0
"2016",9,12,7,0
"2016",9,12,8,0.1
"2016",9,12,9,22.4
"2016",9,12,10,62.2
"2016",9,12,11,80.2
"2016",9,12,12,76.3
"2016",9,12,13,77.2
"2016",9,12,14,74.6
"2016",9,12,15,71.3
"2016",9,12,16,75.8
"2016",9,12,17,77.7
"2016",9,12,18,72.9
"2016",9,12,19,33.8
"2016",9,12,20,2.2
"2016",9,12,21,0
"2016",9,12,22,0
"2016",9,12,23,0
"2016",9,12,24,0
"2016",9,13,1,0
"2016",9,13,2,0
"2016",9,13,3,0
"2016",9,13,4,0
"2016",9,13,5,0
"2016",9,13,6,0
"2016",9,13,7,0
"2016",9,13,8,0.2
"2016",9,13,9,7.2
"2016",9,13,10,52.5
"2016",9,13,11,88.4
"2016",9,13,12,92.5
"2016",9,13,13,84.4
"2016",9,13,14,80.2
"2016",9,13,15,81.6
"2016",9,13,16,85.2
"2016",9,13,17,83.7
"2016",9,13,18,86.1
"2016",9,13,19,36.9
"2016",9,13,20,0.4
"2016",9,13,21,0
"2016",9,13,22,0
"2016",9,13,23,0
"2016",9,13,24,0
"2016",9,14,1,0
"2016",9,14,2,0
"2016",9,14,3,0
"2016",9,14,4,0
"2016",9,14,5,0
"2016",9,14,6,0
"2016",9,14,7,0
"2016",9,14,8,0.2
"2016",9,14,9,22.4
"2016",9,14,10,68.4
"2016",9,14,11,74.1
"2016",9,14,12,81.5
"2016",9,14,13,80
"2016",9,14,14,63.8
"2016",9,14,15,46.1
"2016",9,14,16,75.3
"2016",9,14,17,82.3
"2016",9,14,18,81.7
"2016",9,14,19,39
"2016",9,14,20,2.1
"2016",9,14,21,0
"2016",9,14,22,0
"2016",9,14,23,0
"2016",9,14,24,0
"2016",9,15,1,0
"2016",9,15,2,0
"2016",9,15,3,0
"2016",9,15,4,0
"2016",9,15,5,0
"2016",9,15,6,0
"2016",9,15,7,0
"2016",9,15,8,0.1
"2016",9,15,9,24.9
"2016",9,15,10,75.2
"2016",9,15,11,89.3
"2016",9,15,12,86.2
"2016",9,15,13,83.9
"2016",9,15,14,78.1
"2016",9,15,15,73
"2016",9,15,16,81.9
"2016",9,15,17,87.2
"2016",9,15,18,79.5
"2016",9,15,19,39.4
"2016",9,15,20,2.2
"2016",9,15,21,0
"2016",9,15,22,0
"2016",9,15,23,0
"2016",9,15,24,0
"2016",9,16,1,0
"2016",9,16,2,0
"2016",9,16,3,0
"2016",9,16,4,0
"2016",9,16,5,0
"2016",9,16,6,0
"2016",9,16,7,0
"2016",9,16,8,0.2
"2016",9,16,9,23.8
"2016",9,16,10,79
"2016",9,16,11,92.4
"2016",9,16,12,89.5
"2016",9,16,13,88.2
"2016",9,16,14,87.1
"2016",9,16,15,84.7
"2016",9,16,16,87.6
"2016",9,16,17,86.4
"2016",9,16,18,83.1
"2016",9,16,19,40.8
"2016",9,16,20,2.3
"2016",9,16,21,0
"2016",9,16,22,0
"2016",9,16,23,0
"2016",9,16,24,0
"2016",9,17,1,0
"2016",9,17,2,0
"2016",9,17,3,0
"2016",9,17,4,0
"2016",9,17,5,0
"2016",9,17,6,0
"2016",9,17,7,0
"2016",9,17,8,0.2
"2016",9,17,9,27.1
"2016",9,17,10,80.9
"2016",9,17,11,91.4
"2016",9,17,12,91.3
"2016",9,17,13,90.1
"2016",9,17,14,88.3
"2016",9,17,15,88.7
"2016",9,17,16,90.7
"2016",9,17,17,90.1
"2016",9,17,18,84.7
"2016",9,17,19,40.3
"2016",9,17,20,2.4
"2016",9,17,21,0
"2016",9,17,22,0
"2016",9,17,23,0
"2016",9,17,24,0
"2016",9,18,1,0
"2016",9,18,2,0
"2016",9,18,3,0
"2016",9,18,4,0
"2016",9,18,5,0
"2016",9,18,6,0
"2016",9,18,7,0
"2016",9,18,8,0.2
"2016",9,18,9,22.3
"2016",9,18,10,79.4
"2016",9,18,11,91.4
"2016",9,18,12,91.7
"2016",9,18,13,92.4
"2016",9,18,14,92.2
"2016",9,18,15,91.1
"2016",9,18,16,91.8
"2016",9,18,17,91.8
"2016",9,18,18,85.4
"2016",9,18,19,40.5
"2016",9,18,20,2.4
"2016",9,18,21,0
"2016",9,18,22,0
"2016",9,18,23,0
"2016",9,18,24,0
"2016",9,19,1,0
"2016",9,19,2,0
"2016",9,19,3,0
"2016",9,19,4,0
"2016",9,19,5,0
"2016",9,19,6,0
"2016",9,19,7,0
"2016",9,19,8,0.5
"2016",9,19,9,28.9
"2016",9,19,10,83.7
"2016",9,19,11,93.7
"2016",9,19,12,92.2
"2016",9,19,13,89.5
"2016",9,19,14,90.2
"2016",9,19,15,91.1
"2016",9,19,16,93.1
"2016",9,19,17,93.2
"2016",9,19,18,87.4
"2016",9,19,19,42.2
"2016",9,19,20,2.6
"2016",9,19,21,0
"2016",9,19,22,0
"2016",9,19,23,0
"2016",9,19,24,0
"2016",9,20,1,0
"2016",9,20,2,0
"2016",9,20,3,0
"2016",9,20,4,0
"2016",9,20,5,0
"2016",9,20,6,0
"2016",9,20,7,0
"2016",9,20,8,0.4
"2016",9,20,9,29.5
"2016",9,20,10,82.1
"2016",9,20,11,94
"2016",9,20,12,93.4
"2016",9,20,13,93.2
"2016",9,20,14,92.8
"2016",9,20,15,92.3
"2016",9,20,16,93.4
"2016",9,20,17,93.3
"2016",9,20,18,86.5
"2016",9,20,19,40.7
"2016",9,20,20,2.6
"2016",9,20,21,0
"2016",9,20,22,0
"2016",9,20,23,0
"2016",9,20,24,0
"2016",9,21,1,0
"2016",9,21,2,0
"2016",9,21,3,0
"2016",9,21,4,0
"2016",9,21,5,0
"2016",9,21,6,0
"2016",9,21,7,0
"2016",9,21,8,0.5
"2016",9,21,9,29.5
"2016",9,21,10,82.3
"2016",9,21,11,92.5
"2016",9,21,12,93.6
"2016",9,21,13,93.6
"2016",9,21,14,92.2
"2016",9,21,15,92.4
"2016",9,21,16,93.9
"2016",9,21,17,92.7
"2016",9,21,18,86.1
"2016",9,21,19,40.5
"2016",9,21,20,2.5
"2016",9,21,21,0
"2016",9,21,22,0
"2016",9,21,23,0
"2016",9,21,24,0
"2016",9,22,1,0
"2016",9,22,2,0
"2016",9,22,3,0
"2016",9,22,4,0
"2016",9,22,5,0
"2016",9,22,6,0
"2016",9,22,7,0
"2016",9,22,8,0.9
"2016",9,22,9,29.8
"2016",9,22,10,57.3
"2016",9,22,11,51.6
"2016",9,22,12,48.4
"2016",9,22,13,43.3
"2016",9,22,14,42.1
"2016",9,22,15,37.7
"2016",9,22,16,33.9
"2016",9,22,17,34.6
"2016",9,22,18,35
"2016",9,22,19,30.1
"2016",9,22,20,2.8
"2016",9,22,21,0
"2016",9,22,22,0
"2016",9,22,23,0
"2016",9,22,24,0
"2016",9,23,1,0
"2016",9,23,2,0
"2016",9,23,3,0
"2016",9,23,4,0
"2016",9,23,5,0
"2016",9,23,6,0
"2016",9,23,7,0
"2016",9,23,8,1
"2016",9,23,9,31.1
"2016",9,23,10,58
"2016",9,23,11,49.2
"2016",9,23,12,40.9
"2016",9,23,13,40.4
"2016",9,23,14,40.4
"2016",9,23,15,40.6
"2016",9,23,16,39.8
"2016",9,23,17,37
"2016",9,23,18,38.9
"2016",9,23,19,39.1
"2016",9,23,20,3
"2016",9,23,21,0
"2016",9,23,22,0
"2016",9,23,23,0
"2016",9,23,24,0
"2016",9,24,1,0
"2016",9,24,2,0
"2016",9,24,3,0
"2016",9,24,4,0
"2016",9,24,5,0
"2016",9,24,6,0
"2016",9,24,7,0
"2016",9,24,8,0.9
"2016",9,24,9,33.4
"2016",9,24,10,84.7
"2016",9,24,11,93.6
"2016",9,24,12,93.4
"2016",9,24,13,94.2
"2016",9,24,14,93.4
"2016",9,24,15,93
"2016",9,24,16,94.4
"2016",9,24,17,95.3
"2016",9,24,18,89.4
"2016",9,24,19,43.9
"2016",9,24,20,3.1
"2016",9,24,21,0
"2016",9,24,22,0
"2016",9,24,23,0
"2016",9,24,24,0
"2016",9,25,1,0
"2016",9,25,2,0
"2016",9,25,3,0
"2016",9,25,4,0
"2016",9,25,5,0
"2016",9,25,6,0
"2016",9,25,7,0
"2016",9,25,8,0.3
"2016",9,25,9,34.6
"2016",9,25,10,85.7
"2016",9,25,11,94.7
"2016",9,25,12,95.9
"2016",9,25,13,94.6
"2016",9,25,14,94.2
"2016",9,25,15,93
"2016",9,25,16,94.3
"2016",9,25,17,95
"2016",9,25,18,89
"2016",9,25,19,44.1
"2016",9,25,20,3.2
"2016",9,25,21,0
"2016",9,25,22,0
"2016",9,25,23,0
"2016",9,25,24,0
"2016",9,26,1,0
"2016",9,26,2,0
"2016",9,26,3,0
"2016",9,26,4,0
"2016",9,26,5,0
"2016",9,26,6,0
"2016",9,26,7,0
"2016",9,26,8,1.6
"2016",9,26,9,36.8
"2016",9,26,10,88.2
"2016",9,26,11,95.9
"2016",9,26,12,96.2
"2016",9,26,13,97.3
"2016",9,26,14,97.2
"2016",9,26,15,96.6
"2016",9,26,16,97.8
"2016",9,26,17,98.1
"2016",9,26,18,41.4
"2016",9,26,19,0
"2016",9,26,20,0
"2016",9,26,21,0
"2016",9,26,22,0
"2016",9,26,23,0
"2016",9,26,24,0
"2016",9,27,1,0
"2016",9,27,2,0
"2016",9,27,3,0
"2016",9,27,4,0
"2016",9,27,5,0
"2016",9,27,6,0
"2016",9,27,7,0
"2016",9,27,8,1.5
"2016",9,27,9,35.7
"2016",9,27,10,60.7
"2016",9,27,11,55.4
"2016",9,27,12,55.4
"2016",9,27,13,55.4
"2016",9,27,14,55.4
"2016",9,27,15,55.1
"2016",9,27,16,54.9
"2016",9,27,17,55.3
"2016",9,27,18,55.4
"2016",9,27,19,41.7
"2016",9,27,20,3.6
"2016",9,27,21,0
"2016",9,27,22,0
"2016",9,27,23,0
"2016",9,27,24,0
"2016",9,28,1,0
"2016",9,28,2,0
"2016",9,28,3,0
"2016",9,28,4,0
"2016",9,28,5,0
"2016",9,28,6,0
"2016",9,28,7,0
"2016",9,28,8,1.9
"2016",9,28,9,36.5
"2016",9,28,10,52.8
"2016",9,28,11,13
"2016",9,28,12,7.1
"2016",9,28,13,26.7
"2016",9,28,14,47.3
"2016",9,28,15,51.4
"2016",9,28,16,51.8
"2016",9,28,17,51.2
"2016",9,28,18,48.6
"2016",9,28,19,24.3
"2016",9,28,20,2.1
"2016",9,28,21,0
"2016",9,28,22,0
"2016",9,28,23,0
"2016",9,28,24,0
"2016",9,29,1,0
"2016",9,29,2,0
"2016",9,29,3,0
"2016",9,29,4,0
"2016",9,29,5,0
"2016",9,29,6,0
"2016",9,29,7,0
"2016",9,29,8,0.2
"2016",9,29,9,14.6
"2016",9,29,10,43.1
"2016",9,29,11,50.5
"2016",9,29,12,51
"2016",9,29,13,51.6
"2016",9,29,14,51.3
"2016",9,29,15,51.2
"2016",9,29,16,51.3
"2016",9,29,17,52.2
"2016",9,29,18,50.1
"2016",9,29,19,28.4
"2016",9,29,20,2.5
"2016",9,29,21,0
"2016",9,29,22,0
"2016",9,29,23,0
"2016",9,29,24,0
"2016",9,30,1,0
"2016",9,30,2,0
"2016",9,30,3,0
"2016",9,30,4,0
"2016",9,30,5,0
"2016",9,30,6,0
"2016",9,30,7,0
"2016",9,30,8,0.9
"2016",9,30,9,18.8
"2016",9,30,10,49.4
"2016",9,30,11,54.2
"2016",9,30,12,46.3
"2016",9,30,13,38.7
"2016",9,30,14,32.1
"2016",9,30,15,26.3
"2016",9,30,16,50.2
"2016",9,30,17,50.8
"2016",9,30,18,45.5
"2016",9,30,19,20.3
"2016",9,30,20,1.9
"2016",9,30,21,0
"2016",9,30,22,0
"2016",9,30,23,0
"2016",9,30,24,0
"2016",10,1,1,0
"2016",10,1,2,0
"2016",10,1,3,0
"2016",10,1,4,0
"2016",10,1,5,0
"2016",10,1,6,0
"2016",10,1,7,0
"2016",10,1,8,1.1
"2016",10,1,9,18.4
"2016",10,1,10,36.9
"2016",10,1,11,40.8
"2016",10,1,12,48.2
"2016",10,1,13,52
"2016",10,1,14,52.8
"2016",10,1,15,51
"2016",10,1,16,50.5
"2016",10,1,17,45.2
"2016",10,1,18,43.8
"2016",10,1,19,25.2
"2016",10,1,20,1.9
"2016",10,1,21,0
"2016",10,1,22,0
"2016",10,1,23,0
"2016",10,1,24,0
"2016",10,2,1,0
"2016",10,2,2,0
"2016",10,2,3,0
"2016",10,2,4,0
"2016",10,2,5,0
"2016",10,2,6,0
"2016",10,2,7,0
"2016",10,2,8,1
"2016",10,2,9,9.8
"2016",10,2,10,39.4
"2016",10,2,11,38.5
"2016",10,2,12,51
"2016",10,2,13,55.1
"2016",10,2,14,54.7
"2016",10,2,15,54.8
"2016",10,2,16,55.7
"2016",10,2,17,54.4
"2016",10,2,18,51.8
"2016",10,2,19,27.9
"2016",10,2,20,2.3
"2016",10,2,21,0
"2016",10,2,22,0
"2016",10,2,23,0
"2016",10,2,24,0
"2016",10,3,1,0
"2016",10,3,2,0
"2016",10,3,3,0
"2016",10,3,4,0
"2016",10,3,5,0
"2016",10,3,6,0
"2016",10,3,7,0
"2016",10,3,8,0.8
"2016",10,3,9,19.4
"2016",10,3,10,50
"2016",10,3,11,54.3
"2016",10,3,12,50.5
"2016",10,3,13,55.1
"2016",10,3,14,54.5
"2016",10,3,15,54.6
"2016",10,3,16,55.1
"2016",10,3,17,55.1
"2016",10,3,18,52.1
"2016",10,3,19,28.7
"2016",10,3,20,2.8
"2016",10,3,21,0
"2016",10,3,22,0
"2016",10,3,23,0
"2016",10,3,24,0
"2016",10,4,1,0
"2016",10,4,2,0
"2016",10,4,3,0
"2016",10,4,4,0
"2016",10,4,5,0
"2016",10,4,6,0
"2016",10,4,7,0
"2016",10,4,8,1.4
"2016",10,4,9,16.8
"2016",10,4,10,42.2
"2016",10,4,11,48.3
"2016",10,4,12,51.6
"2016",10,4,13,44.5
"2016",10,4,14,43.9
"2016",10,4,15,50.3
"2016",10,4,16,54
"2016",10,4,17,54.8
"2016",10,4,18,50
"2016",10,4,19,28.1
"2016",10,4,20,2.4
"2016",10,4,21,0
"2016",10,4,22,0
"2016",10,4,23,0
"2016",10,4,24,0
"2016",10,5,1,0
"2016",10,5,2,0
"2016",10,5,3,0
"2016",10,5,4,0
"2016",10,5,5,0
"2016",10,5,6,0
"2016",10,5,7,0
"2016",10,5,8,1.5
"2016",10,5,9,16.2
"2016",10,5,10,22.7
"2016",10,5,11,21.6
"2016",10,5,12,23.5
"2016",10,5,13,17.7
"2016",10,5,14,0.7
"2016",10,5,15,0.7
"2016",10,5,16,0.7
"2016",10,5,17,0.7
"2016",10,5,18,1.9
"2016",10,5,19,7.8
"2016",10,5,20,3
"2016",10,5,21,0
"2016",10,5,22,0
"2016",10,5,23,0
"2016",10,5,24,0
"2016",10,6,1,0
"2016",10,6,2,0
"2016",10,6,3,0
"2016",10,6,4,0
"2016",10,6,5,0
"2016",10,6,6,0
"2016",10,6,7,0
"2016",10,6,8,1.5
"2016",10,6,9,17.5
"2016",10,6,10,42.6
"2016",10,6,11,46.8
"2016",10,6,12,45.1
"2016",10,6,13,41.9
"2016",10,6,14,39.4
"2016",10,6,15,43
"2016",10,6,16,47.3
"2016",10,6,17,47
"2016",10,6,18,51.7
"2016",10,6,19,29.5
"2016",10,6,20,2.9
"2016",10,6,21,0
"2016",10,6,22,0
"2016",10,6,23,0
"2016",10,6,24,0
"2016",10,7,1,0
"2016",10,7,2,0
"2016",10,7,3,0
"2016",10,7,4,0
"2016",10,7,5,0
"2016",10,7,6,0
"2016",10,7,7,0
"2016",10,7,8,1.7
"2016",10,7,9,21.4
"2016",10,7,10,51.1
"2016",10,7,11,55
"2016",10,7,12,55.1
"2016",10,7,13,42.3
"2016",10,7,14,22.8
"2016",10,7,15,23.7
"2016",10,7,16,27.2
"2016",10,7,17,29.5
"2016",10,7,18,36.8
"2016",10,7,19,27.6
"2016",10,7,20,3
"2016",10,7,21,0
"2016",10,7,22,0
"2016",10,7,23,0
"2016",10,7,24,0
"2016",10,8,1,0
"2016",10,8,2,0
"2016",10,8,3,0
"2016",10,8,4,0
"2016",10,8,5,0
"2016",10,8,6,0
"2016",10,8,7,0
"2016",10,8,8,1.8
"2016",10,8,9,22.6
"2016",10,8,10,46.8
"2016",10,8,11,54.4
"2016",10,8,12,55.3
"2016",10,8,13,53.3
"2016",10,8,14,42.9
"2016",10,8,15,34.8
"2016",10,8,16,28
"2016",10,8,17,14
"2016",10,8,18,13.7
"2016",10,8,19,16.2
"2016",10,8,20,3.2
"2016",10,8,21,0
"2016",10,8,22,0
"2016",10,8,23,0
"2016",10,8,24,0
"2016",10,9,1,0
"2016",10,9,2,0
"2016",10,9,3,0
"2016",10,9,4,0
"2016",10,9,5,0
"2016",10,9,6,0
"2016",10,9,7,0
"2016",10,9,8,1.1
"2016",10,9,9,23.3
"2016",10,9,10,53.4
"2016",10,9,11,55
"2016",10,9,12,54.3
"2016",10,9,13,52.1
"2016",10,9,14,52.3
"2016",10,9,15,54
"2016",10,9,16,46.3
"2016",10,9,17,39.7
"2016",10,9,18,36.6
"2016",10,9,19,29.9
"2016",10,9,20,3.4
"2016",10,9,21,0
"2016",10,9,22,0
"2016",10,9,23,0
"2016",10,9,24,0
"2016",10,10,1,0
"2016",10,10,2,0
"2016",10,10,3,0
"2016",10,10,4,0
"2016",10,10,5,0
"2016",10,10,6,0
"2016",10,10,7,0
"2016",10,10,8,1.9
"2016",10,10,9,23.8
"2016",10,10,10,40.4
"2016",10,10,11,53.6
"2016",10,10,12,55.1
"2016",10,10,13,55.2
"2016",10,10,14,55.1
"2016",10,10,15,54.8
"2016",10,10,16,55.1
"2016",10,10,17,47.6
"2016",10,10,18,40.3
"2016",10,10,19,19.3
"2016",10,10,20,3.8
"2016",10,10,21,0
"2016",10,10,22,0
"2016",10,10,23,0
"2016",10,10,24,0
"2016",10,11,1,0
"2016",10,11,2,0
"2016",10,11,3,0
"2016",10,11,4,0
"2016",10,11,5,0
"2016",10,11,6,0
"2016",10,11,7,0
"2016",10,11,8,2.6
"2016",10,11,9,24.1
"2016",10,11,10,47.3
"2016",10,11,11,41.2
"2016",10,11,12,45.1
"2016",10,11,13,53.5
"2016",10,11,14,53.1
"2016",10,11,15,49.8
"2016",10,11,16,47.2
"2016",10,11,17,40.5
"2016",10,11,18,35
"2016",10,11,19,30.1
"2016",10,11,20,3.5
"2016",10,11,21,0
"2016",10,11,22,0
"2016",10,11,23,0
"2016",10,11,24,0
"2016",10,12,1,0
"2016",10,12,2,0
"2016",10,12,3,0
"2016",10,12,4,0
"2016",10,12,5,0
"2016",10,12,6,0
"2016",10,12,7,0
"2016",10,12,8,1.4
"2016",10,12,9,14.7
"2016",10,12,10,25.5
"2016",10,12,11,25.5
"2016",10,12,12,25.6
"2016",10,12,13,52.3
"2016",10,12,14,54.9
"2016",10,12,15,53.5
"2016",10,12,16,54.3
"2016",10,12,17,55.1
"2016",10,12,18,52.7
"2016",10,12,19,30.7
"2016",10,12,20,3.5
"2016",10,12,21,0
"2016",10,12,22,0
"2016",10,12,23,0
"2016",10,12,24,0
"2016",10,13,1,0
"2016",10,13,2,0
"2016",10,13,3,0
"2016",10,13,4,0
"2016",10,13,5,0
"2016",10,13,6,0
"2016",10,13,7,0
"2016",10,13,8,2.6
"2016",10,13,9,25.6
"2016",10,13,10,36.9
"2016",10,13,11,44.5
"2016",10,13,12,44.1
"2016",10,13,13,37.4
"2016",10,13,14,46.8
"2016",10,13,15,51.2
"2016",10,13,16,54.4
"2016",10,13,17,54.7
"2016",10,13,18,52.2
"2016",10,13,19,30
"2016",10,13,20,0
"2016",10,13,21,0
"2016",10,13,22,0
"2016",10,13,23,0
"2016",10,13,24,0
"2016",10,14,1,0
"2016",10,14,2,0
"2016",10,14,3,0
"2016",10,14,4,0
"2016",10,14,5,0
"2016",10,14,6,0
"2016",10,14,7,0
"2016",10,14,8,0
"2016",10,14,9,24.9
"2016",10,14,10,46.5
"2016",10,14,11,41.9
"2016",10,14,12,39.9
"2016",10,14,13,43.3
"2016",10,14,14,55.8
"2016",10,14,15,57.9
"2016",10,14,16,57.7
"2016",10,14,17,53.6
"2016",10,14,18,45.4
"2016",10,14,19,31.8
"2016",10,14,20,3.1
"2016",10,14,21,0
"2016",10,14,22,0
"2016",10,14,23,0
"2016",10,14,24,0
"2016",10,15,1,0
"2016",10,15,2,0
"2016",10,15,3,0
"2016",10,15,4,0
"2016",10,15,5,0
"2016",10,15,6,0
"2016",10,15,7,0
"2016",10,15,8,2.7
"2016",10,15,9,12.8
"2016",10,15,10,25
"2016",10,15,11,26.9
"2016",10,15,12,16.2
"2016",10,15,13,6.3
"2016",10,15,14,6.3
"2016",10,15,15,2.5
"2016",10,15,16,1.8
"2016",10,15,17,0
"2016",10,15,18,0
"2016",10,15,19,0
"2016",10,15,20,0
"2016",10,15,21,0
"2016",10,15,22,0
"2016",10,15,23,0
"2016",10,15,24,0
"2016",10,16,1,0
"2016",10,16,2,0
"2016",10,16,3,0
"2016",10,16,4,0
"2016",10,16,5,0
"2016",10,16,6,0
"2016",10,16,7,0
"2016",10,16,8,3.2
"2016",10,16,9,29.5
"2016",10,16,10,50.7
"2016",10,16,11,42.2
"2016",10,16,12,44.7
"2016",10,16,13,45.6
"2016",10,16,14,43.7
"2016",10,16,15,36.9
"2016",10,16,16,34.6
"2016",10,16,17,35.1
"2016",10,16,18,26.1
"2016",10,16,19,14.6
"2016",10,16,20,1.7
"2016",10,16,21,0
"2016",10,16,22,0
"2016",10,16,23,0
"2016",10,16,24,0
"2016",10,17,1,0
"2016",10,17,2,0
"2016",10,17,3,0
"2016",10,17,4,0
"2016",10,17,5,0
"2016",10,17,6,0
"2016",10,17,7,0
"2016",10,17,8,2.2
"2016",10,17,9,31.8
"2016",10,17,10,25.4
"2016",10,17,11,50
"2016",10,17,12,59.9
"2016",10,17,13,57.4
"2016",10,17,14,35.4
"2016",10,17,15,39.8
"2016",10,17,16,41
"2016",10,17,17,32.4
"2016",10,17,18,30.3
"2016",10,17,19,31.2
"2016",10,17,20,4
"2016",10,17,21,0
"2016",10,17,22,0
"2016",10,17,23,0
"2016",10,17,24,0
"2016",10,18,1,0
"2016",10,18,2,0
"2016",10,18,3,0
"2016",10,18,4,0
"2016",10,18,5,0
"2016",10,18,6,0
"2016",10,18,7,0
"2016",10,18,8,1
"2016",10,18,9,26.2
"2016",10,18,10,47.1
"2016",10,18,11,48.5
"2016",10,18,12,48.3
"2016",10,18,13,47.9
"2016",10,18,14,45.5
"2016",10,18,15,41
"2016",10,18,16,39.6
"2016",10,18,17,39.4
"2016",10,18,18,33.5
"2016",10,18,19,15.8
"2016",10,18,20,3.5
"2016",10,18,21,0
"2016",10,18,22,0
"2016",10,18,23,0
"2016",10,18,24,0
"2016",10,19,1,0
"2016",10,19,2,0
"2016",10,19,3,0
"2016",10,19,4,0
"2016",10,19,5,0
"2016",10,19,6,0
"2016",10,19,7,0
"2016",10,19,8,1.6
"2016",10,19,9,3.2
"2016",10,19,10,9.5
"2016",10,19,11,9.5
"2016",10,19,12,6.5
"2016",10,19,13,7
"2016",10,19,14,3.7
"2016",10,19,15,11.4
"2016",10,19,16,22.1
"2016",10,19,17,20.4
"2016",10,19,18,24.6
"2016",10,19,19,33.1
"2016",10,19,20,5.1
"2016",10,19,21,0
"2016",10,19,22,0
"2016",10,19,23,0
"2016",10,19,24,0
"2016",10,20,1,0
"2016",10,20,2,0
"2016",10,20,3,0
"2016",10,20,4,0
"2016",10,20,5,0
"2016",10,20,6,0
"2016",10,20,7,0
"2016",10,20,8,5.6
"2016",10,20,9,36.2
"2016",10,20,10,48.5
"2016",10,20,11,48.7
"2016",10,20,12,44.1
"2016",10,20,13,56.1
"2016",10,20,14,57.4
"2016",10,20,15,60.9
"2016",10,20,16,64.3
"2016",10,20,17,54.6
"2016",10,20,18,53.5
"2016",10,20,19,35.1
"2016",10,20,20,4.9
"2016",10,20,21,0
"2016",10,20,22,0
"2016",10,20,23,0
"2016",10,20,24,0
"2016",10,21,1,0
"2016",10,21,2,0
"2016",10,21,3,0
"2016",10,21,4,0
"2016",10,21,5,0
"2016",10,21,6,0
"2016",10,21,7,0
"2016",10,21,8,3.2
"2016",10,21,9,7.6
"2016",10,21,10,11.4
"2016",10,21,11,36.3
"2016",10,21,12,36.8
"2016",10,21,13,54.3
"2016",10,21,14,88.1
"2016",10,21,15,96.1
"2016",10,21,16,90.8
"2016",10,21,17,95.4
"2016",10,21,18,94.4
"2016",10,21,19,46
"2016",10,21,20,8.2
"2016",10,21,21,0
"2016",10,21,22,0
"2016",10,21,23,0
"2016",10,21,24,0
"2016",10,22,1,0
"2016",10,22,2,0
"2016",10,22,3,0
"2016",10,22,4,0
"2016",10,22,5,0
"2016",10,22,6,0
"2016",10,22,7,0
"2016",10,22,8,11
"2016",10,22,9,52.9
"2016",10,22,10,68
"2016",10,22,11,70.4
"2016",10,22,12,74.1
"2016",10,22,13,70.7
"2016",10,22,14,73.1
"2016",10,22,15,77
"2016",10,22,16,79.2
"2016",10,22,17,79.3
"2016",10,22,18,75
"2016",10,22,19,48.9
"2016",10,22,20,8.6
"2016",10,22,21,0
"2016",10,22,22,0
"2016",10,22,23,0
"2016",10,22,24,0
"2016",10,23,1,0
"2016",10,23,2,0
"2016",10,23,3,0
"2016",10,23,4,0
"2016",10,23,5,0
"2016",10,23,6,0
"2016",10,23,7,0
"2016",10,23,8,1.4
"2016",10,23,9,2
"2016",10,23,10,29.8
"2016",10,23,11,64.1
"2016",10,23,12,70.8
"2016",10,23,13,75.7
"2016",10,23,14,74.7
"2016",10,23,15,73.5
"2016",10,23,16,73.5
"2016",10,23,17,73.5
"2016",10,23,18,68.5
"2016",10,23,19,41.5
"2016",10,23,20,7.4
"2016",10,23,21,0
"2016",10,23,22,0
"2016",10,23,23,0
"2016",10,23,24,0
"2016",10,24,1,0
"2016",10,24,2,0
"2016",10,24,3,0
"2016",10,24,4,0
"2016",10,24,5,0
"2016",10,24,6,0
"2016",10,24,7,0
"2016",10,24,8,10.5
"2016",10,24,9,55.9
"2016",10,24,10,81.6
"2016",10,24,11,85.7
"2016",10,24,12,85.5
"2016",10,24,13,85.7
"2016",10,24,14,85.3
"2016",10,24,15,83.6
"2016",10,24,16,86
"2016",10,24,17,85.8
"2016",10,24,18,69
"2016",10,24,19,35.3
"2016",10,24,20,8
"2016",10,24,21,0
"2016",10,24,22,0
"2016",10,24,23,0
"2016",10,24,24,0
"2016",10,25,1,0
"2016",10,25,2,0
"2016",10,25,3,0
"2016",10,25,4,0
"2016",10,25,5,0
"2016",10,25,6,0
"2016",10,25,7,0
"2016",10,25,8,6.9
"2016",10,25,9,21.7
"2016",10,25,10,17.9
"2016",10,25,11,13
"2016",10,25,12,41.7
"2016",10,25,13,9
"2016",10,25,14,9.2
"2016",10,25,15,15.7
"2016",10,25,16,6.5
"2016",10,25,17,11.4
"2016",10,25,18,41.1
"2016",10,25,19,41.7
"2016",10,25,20,7.1
"2016",10,25,21,0
"2016",10,25,22,0
"2016",10,25,23,0
"2016",10,25,24,0
"2016",10,26,1,0
"2016",10,26,2,0
"2016",10,26,3,0
"2016",10,26,4,0
"2016",10,26,5,0
"2016",10,26,6,0
"2016",10,26,7,0
"2016",10,26,8,13
"2016",10,26,9,67.4
"2016",10,26,10,97.2
"2016",10,26,11,98.5
"2016",10,26,12,90
"2016",10,26,13,89
"2016",10,26,14,34.2
"2016",10,26,15,35.9
"2016",10,26,16,33.4
"2016",10,26,17,64.5
"2016",10,26,18,82
"2016",10,26,19,58.2
"2016",10,26,20,9.2
"2016",10,26,21,0
"2016",10,26,22,0
"2016",10,26,23,0
"2016",10,26,24,0
"2016",10,27,1,0
"2016",10,27,2,0
"2016",10,27,3,0
"2016",10,27,4,0
"2016",10,27,5,0
"2016",10,27,6,0
"2016",10,27,7,0
"2016",10,27,8,13
"2016",10,27,9,65.1
"2016",10,27,10,66
"2016",10,27,11,47.8
"2016",10,27,12,34.5
"2016",10,27,13,49
"2016",10,27,14,77.5
"2016",10,27,15,87.7
"2016",10,27,16,92.5
"2016",10,27,17,91.6
"2016",10,27,18,87.1
"2016",10,27,19,60.9
"2016",10,27,20,9.9
"2016",10,27,21,0
"2016",10,27,22,0
"2016",10,27,23,0
"2016",10,27,24,0
"2016",10,28,1,0
"2016",10,28,2,0
"2016",10,28,3,0
"2016",10,28,4,0
"2016",10,28,5,0
"2016",10,28,6,0
"2016",10,28,7,0
"2016",10,28,8,13.6
"2016",10,28,9,55.4
"2016",10,28,10,39.7
"2016",10,28,11,6.5
"2016",10,28,12,36.4
"2016",10,28,13,62
"2016",10,28,14,74.4
"2016",10,28,15,76.4
"2016",10,28,16,84.7
"2016",10,28,17,96.9
"2016",10,28,18,93.1
"2016",10,28,19,60.3
"2016",10,28,20,9.9
"2016",10,28,21,0
"2016",10,28,22,0
"2016",10,28,23,0
"2016",10,28,24,0
"2016",10,29,1,0
"2016",10,29,2,0
"2016",10,29,3,0
"2016",10,29,4,0
"2016",10,29,5,0
"2016",10,29,6,0
"2016",10,29,7,0
"2016",10,29,8,13.7
"2016",10,29,9,65.6
"2016",10,29,10,55.1
"2016",10,29,11,20
"2016",10,29,12,16.9
"2016",10,29,13,51.1
"2016",10,29,14,92.2
"2016",10,29,15,26.1
"2016",10,29,16,0.3
"2016",10,29,17,44
"2016",10,29,18,69.7
"2016",10,29,19,59.5
"2016",10,29,20,9.7
"2016",10,29,21,0
"2016",10,29,22,0
"2016",10,29,23,0
"2016",10,29,24,0
"2016",10,30,1,0
"2016",10,30,2,0
"2016",10,30,3,0
"2016",10,30,4,0
"2016",10,30,5,0
"2016",10,30,6,0
"2016",10,30,7,0
"2016",10,30,8,9.8
"2016",10,30,9,16.2
"2016",10,30,10,16.2
"2016",10,30,11,16.4
"2016",10,30,12,45.5
"2016",10,30,13,87.9
"2016",10,30,14,98.1
"2016",10,30,15,96.2
"2016",10,30,16,97.5
"2016",10,30,17,80.2
"2016",10,30,18,80.7
"2016",10,30,19,61
"2016",10,30,20,10.4
"2016",10,30,21,0
"2016",10,30,22,0
"2016",10,30,23,0
"2016",10,30,24,0
"2016",10,31,1,0
"2016",10,31,2,0
"2016",10,31,3,0
"2016",10,31,4,0
"2016",10,31,5,0
"2016",10,31,6,0
"2016",10,31,7,0
"2016",10,31,8,15.4
"2016",10,31,9,69.6
"2016",10,31,10,97.1
"2016",10,31,11,92
"2016",10,31,12,84.3
"2016",10,31,13,84.3
"2016",10,31,14,84.3
"2016",10,31,15,84.3
"2016",10,31,16,94.8
"2016",10,31,17,51.1
"2016",10,31,18,47.9
"2016",10,31,19,34.2
"2016",10,31,20,3.1
"2016",10,31,21,0
"2016",10,31,22,0
"2016",10,31,23,0
"2016",10,31,24,0
